CollegeName,TotalRegistrations
 Rishi ubr women's degree college ,1
(KIET) KAKINADA INSTITUTE OF ENGINEERING AND TECHNOLOGY,1
#NAME?,1
.,1
10KINFO DATA SOLUTIONS,1
9553277602,1
A M REDDY MEMORIAL COLLEGE OF ENGINEERING &TECHNOLOGY,1
A.S.N DEGREE COLLEGE,1
AARM - AAR MAHAVEER ENGINEERING COLLEGE,36
ABHINAV BALAJI,1
ACCENTURE,4
ACEG - A C E ENGINEERING COLLEGE (AUTONOMOUS),121
ACHARYA INSTITUTE OF MANAGEMENT AND SCIENCES,1
"ACHARYA INSTITUTE OF TECHNOLOGY , BANGALORE",2
ACHARYA N G RANGA AGRICULTURAL UNIVERSITY,1
ACHARYA NAGARJUNA UNIVERSITY,7
ACME COLLEGE OF ARTS AND SCIENCE,3
ACME DEGREE COLLEGE,8
ACME DEGREE COLLEGE MALAKPET HYDERABAD,1
ACT FIBERNET,1
AD,1
ADAMS ENGINEERING COLLEGE,1
ADARSH COLLEGE OF ENGINEERING,1
ADDANKI VAISHNAVI,1
ADDIS ABABA UNIVERSITY,1
ADHI COLLEGE OF ENGINEERING AND TECHNOLOGY,1
ADIKAVI NANNAYYA UNIVERSITY,2
ADITYA COLLEGE OF ENGINEERING AND TECHNOLOGY,15
ADITYA DEGREE COLLEGE,9
ADITYA DEGREE COLLEGE FOR WOMEN,1
ADITYA DEGREE COLLEGE FOR WOMEN RAJAHMUNDRY,1
ADITYA DEGREE COLLEGE VIZIANAGARAM,1
ADITYA ENGINEERING COLLEGE,14
ADITYA INSTITUTE OF TECHNOLOGY AND MANAGEMENT,1
ADITYA UNIVERSITY(FORMERLY ADITYA ENGINEERING COLLEGE,6
AERONAUTICAL ENGINEERING COLLEGE,1
AEROSTAR ENGINEERING,1
AIAT,1
AICTE AFFILIATED,1
AIML,1
AIMS DEGREE COLLEGE,6
AITH - ANNAMACHARYA INST OF TECHNOLOGY AND SCI,4
AJEENKYA DY PATIL UNIVERSITY LOHEGAON PUNE,2
AKASH TECH,1
AKBAR PEERBHOY COLLEGE OF COMMERCE AND ECONOMICS,1
AKSHAYA WOMEN'S DEGREE COLLEGE,2
AL,1
AL AMEEN ENGINEERING COLLEGE,1
ALLIANCE UNIVERSITY,5
ALML,1
ALNM WOMEN'S DEGREE COLLEGE,1
ALPHORES WOMEN'S DEGREE &PG COLLEGE KARIMNAGAR,10
AMAZON,1
AMAZON ADS,1
AMITY UNIVERSITY,3
AMITY UNIVERSITY KOLKATA,1
AMITY UNIVERSITY MUMBAI,1
AMRITA SAI INSTITUTE OF SCIENCE AND TECHNOLOGY,4
"AMRITA SCHOOL OF ENGINEERING, BENGALURU",2
AMRITA UNIVERSITY,1
AMRITA VISHWA VIDYAPEETHAM,57
AMRITA VISHWA VIDYAPEETHAM CHENNAI,1
AMRITA VISHWA VIDYAPEETHAM MYSURU CAMPUS,1
"AMRITA VISHWA VIDYAPEETHAM, AMARAVATI",1
"AMRITA VISHWA VIDYAPEETHAM, BANGALORE",1
"AMRITA VISHWA VIDYAPEETHAM, COIMBATORE",1
ANANTHA LAKSHMI INSTITUTE OF TECHNOLOGY AND SCIENCES,1
ANDERSON UNIVERSITY SOUTH CAROLINA USA,1
ANDHRA LOYOLA COLLEGE,2
ANDHRA LOYOLA INSTITUTE OF ENGINEERING AND TECHNOLOGY,6
"ANDHRA MAHILA SABHA ARTS AND SCIENCE COLLEGE, OSMANIA UNIVERSITY",1
ANDHRA UNIVERSITY COLLEGE OF ENGEENERING ,32
ANDHRA UNIVERSITY COLLEGE OF ENGINEERING FOR WOMEN,3
ANGLIA RUSKIN UNIVERSITY,1
ANIL NEERUKONDA INSTITUE OF TECHNOLOGY AND SCIENCES,27
ANITS- ANIL NEERUKONDA INSTITUTE OF TECHNOLOGY AND SCIENCES,1
ANJIRACHAPI143@GMAOL.COM,1
ANNA UNIVERSITY,1
ANNAMACHARYA INST OF TECHNOLOGY AND SCIENCES KADAPA,3
ANNAMACHARYA INSTITUTE OF TECHNOLOGY AND SCIENCE RAJAMPET,10
"ANNAMACHARYA PG COLLEGE OF COMPUTER STUDIES, RAJAMPET",1
ANNAMACHARYA UNIVERSITY,4
ANRK - ANURAG ENGINEERING COLLGE,40
ANU,1
ANUG - ANURAG UNIVERSITY (FORMERLY ANURAG GRP OF INSTNS- CVSR COLL OF ENGG),1082
APARAJITHA SOFTWARE SERVICES LIMITED,1
APOLLO INSTITUTE OF AGRICULTURE AND RESEARCH,1
APPLITECH TECHNOLOGIES,1
"APS COLLEGE OF ENGINEERING (VTU), KARNATAKA",1
ARIZONA STATE UNIVERSITY,5
ARJN - ARJUN COLLEGE OF TECHNOLOGY AND SCIENCE,2
ASCENCIA MALTA BUSINESS SCHOOL,1
ASCENDION ENGINEERING VT LTD,1
ASHOKA WOMEN'S ENGINEERING COLLEGE,3
"ASHOKA WOMEN'S ENGINEERING COLLEGE, KURNOOL",1
ASPIRING ENTREPRENEUR,1
ASRA - AVANTHIS SCIENTIFIC TECH AND RESEARCH ACADEMY,7
ASRITHAKROTHA@GMAIL.COM,1
ASSAM KAZIRANGA UNIVERSITY,1
"ASSAM UNIVERSITY, SILCHAR",1
ATRIA INSTITUTE OF TECHNOLOGY,1
AUDI SANKAR COLLEGE OF ENGINEERING AND TECHNOLOGY,1
AUDISANKARA COLLEGE OF ENGINEERING AND TECHNOLOGY,6
AUDISANKARA ENGINEERING COLLEGE,1
AUDISANKARA INSTITUTE OF TECHNOLOGY,1
AURG - AURORAS SCIENTIFIC AND TECHNOLOGICAL INSTITUTE,3
AURORA DEEMED TO BE UNIVERSITY,20
AURORA DEGREE & PG COLLEGE,5
AURORA HIGHER EDUCATION AND RESEARCH ACADEMY,1
AURORA PG COLLEGE,1
AURORA PG COLLEGE RAMANTHAPUR,1
AURORA'S TECHNOLOGICAL AND RESEARCH INSTITUTE,1
AURORAS SCIENTIFIC AND TECHNOLOGICAL INSTITUTE,1
AURP - AURORAS TECHNOLOGICAL AND RESEARCH INSTITUTE,22
AUTONOMOUS,2
AVANTHI DEGREE COLLEGE,1
AVANTHI'S RESEARCH AND TECHNOLOGICAL ACADEMY,1
AVIH - AVANTHI INST OF ENGG AND TECHNOLOGY,17
AVINASH COLLEGE OF COMMERCE,4
AVINASHILINGAM INSTITUTE FOR HOME SCIENCE AND HIGHER EDUCATION FOR WOMEN'S,1
AVINASHILINGAM UNIVERSITY,1
AVN ENGINEERING INSTITUTE OF TECHNOLOGY,1
AVNI - AVN INST OF ENGG TECHNOLOGY,8
AZAD - AZAD COLLEGE OF ENGINEERING AND TECHNOLOGY,1
"Acharya Narendra Dev College, University Of Delhi",1
Algoleap Technologies Pvt Ltd ,1
Army Institute of Technology Pune ,1
B TECH,3
"B.V.RAJU COLLEGE, BHIMAVARAM",1
BABA INSTITUTE OF TECHNOLOGY AND SCIENCES,1
BABU BANARASI DAS UNIVERSITY,1
BADDAM BALREDDY BUSINESS SCHOOL,1
BALAJI INSTITUTE OF TECHNOLOGY AND SCIENCE,2
BALLARI INSTITUTE OF TECHNOLOGY AND MANAGEMENT,2
BANARAS HINDU UNIVERSITY,1
BANASTHALI VIDHYAPITH,1
BANGALORE INSTITUTE OF TECHNOLOGY BENGALURU,1
BANK OF BARODA,1
BANKATLAL BADRUKA COLLEGE FOR INFORMATION AND TECHNOLOGY,1
BAPATLA ENGINEERING COLLEGE,4
BASAR IIIT,1
BASI REDDY MEMORIAL DEGREE COLLEGE,1
BBCIT,1
BBCIT - BANKATLAL BADRUKA COLLEGE FOR INFORMATION TECHNOLOGY,1
BCBST,1
BCRIT,1
BENNETT UNIVERSITY,10
BEST INNOVATION UNIVERSITY,1
BHAGWANT UNIVERSITY,1
BHARAT INSTITUTE OF ENGINEERING AND TECHNOLOGY,1
BHARATH INSTITUTE OF HIGHER EDUCATION AND RESEARCH,13
BHARATH INSTITUTE OF SCIENCE AND TECHNOLOGY,1
BHARATH UNIVERSITY,2
BHARATIYA ENGINEERING SCIENCE AND TECHNOLOGY INNOVATION UNIVERSITY,1
BHARGAVI DADITHOTHA,1
BHAVAN'S VIVEKANANDA COLLEGE,1
BHAVANS VIVEKANANDA COLLEGE,1
BIET - BHARAT INSTITUTE OF ENGG AND TECHNOLOGY,54
BIRLASOFT,1
BITN - BALAJI INSTITUTE OF TECHNOLOGY AND SCI,14
BITS - BALAJI INSTITUTE OF TECHNOLOGY AND SCI,1
"BITS PILANI, HYDERABAD CAMPUS",1
BIZGAZE LIMITED,1
BLEKINGE INSTITUTE OF TECHNOLOGY,1
BML MUNJAL UNIVERSITY,1
BMR DEGREE COLLEGE GAJWEL,1
BMSCE,1
BNM INSTITUTE OF TECHNOLOGY,2
BONAM VENKATA CHALAMAYYA,1
BONAM VENKATA CHALAMAYYA ENGINEERING COLLEGE,9
BOSE - ANU BOSE INSTT OF TECHNOLOGY,31
BRADLEY UNIVERSITY,1
BREW - BHOJREDDY ENGINEERING COLLEGE FOR WOMEN,26
BRIG - BRILLIANT GRAMMER SCHOOL EDNL SOC GRP OF INSTNS,2
BRIL - BRILLIANT INSTT OF ENGG AND TECHNOLOGY,3
BRILLIO TECHNOLOGY,1
BRN INFO TECH,1
BSKR - BHASKAR ENGINEERING COLLEGE,1
BUCHAPALLI VENKAYAMMA SUBBAREDDY ENGINEERING COLLEGE,1
"BVC COLLEGE OF ENGINEERING, PALACHARLA",3
BVC ENGINEERING COLLEGE,3
BVC ENGINEERING COLLEGE ODALAREVU,1
BVC INSTITUTE OF TECHNOLOGY AND SCIENCE AMALAPURAM,1
BVCITS,1
BVRI - B V RAJU INSTITUTE OF TECHNOLOGY,152
BVRIT HYDERABAD COLLEGE OF ENGINEERING FOR WOMEN,1
BVRIT HYDERABAD ENGINEERING FOR WOMEN,1
BVRW - BVRIT COLLEGE OF ENGINEERING FOR WOMEN,475
BYTE QODE DIGITALS PVT LTD,1
Banaras Hindu University ,1
Bcom computers final year osmania university ,1
C R RAO AIMSCS,1
"C.R.RAO ADVANCED INSTITUTE OF MATHEMATICS, STATISTICS AND COMPUTER SCIENCE",2
"CALIFORNIA STATE UNIVERSITY, FRESNO",1
CAMBRIDGE INSTITUTE OF TECHNOLOGY,1
CAPGEMINI,3
CARGILL BUSINESS SERVICES,1
CARNEGIE MELLON UNIVERSITY AFRICA,1
CBIT - CHAITANYA BHARATHI INSTITUTE OF TECHNOLOGY,291
CCE,1
CENTRAL UNIVERSITY OF JAMMU,1
CENTRAL UNIVERSITY OF KARNATAKA,2
CENTURION UNIVERSITY,1
CENTURION UNIVERSITY OF TECHNOLOGY AND MANAGEMENT,3
CGI,1
CHADALAWADA RAMANAMMA ENGINEERING COLLEGE,3
CHADALAWADA RAMANAMMA ENGINEERING COLLEGE TIRUPATI,1
CHAITANYA BHARATHI INSTITUTE OF TECHNOLOGY,1
CHAITANYA DEEMED TO BE UNIVERISTY,1
CHAITANYA DEEMED TO BE UNIVERSITY,42
CHAITANYA DEEMED UNIVERSITY,1
CHAITANYA DEMMED TO BE UNIVERSITY,1
CHAITANYA INSTITUTE OF TECHNOLOGY AND SCIENCE,1
CHAITHANYA DEEMED TO BE UNIVERSITY,3
CHALAPATHI INSTITUTE OF ENGINEERING AND TECHNOLOGY,47
CHALAWADA RAMANAMMA ENGINEERING COLLEGE,1
"CHANAKYA UNIVERSITY, BENGALURU",1
CHANDIGARH COLLEGE OF ENGINEERING,5
"CHANDIGARH COLLEGE OF ENGINEERING, JHANJERI, MOHALI",1
"CHANDIGARH COLLEGE OF ENGINEERING, MOHALI",1
CHANDIGARH ENGINEERING COLLEGE,1
CHANDIGARH UNIVERSITY,7
CHATRAPATHI INSTITUTE OF TECHNOLOGY AND ENGINEERING,1
CHENNAI INSTITUTE OF TECHNOLOGY,2
CHET - SRI CHAITANYA TECHNICAL CAMPUS,1
"CHHATRAPATI SHAHU JI MAHARAJ UNIVERSITY, KANPUR",1
CHHS,1
CHICAGO STATE UNIVERSITY,1
CHIRAYU,1
"CHRIST UNIVERSITY,BANGALORE",9
CHTN - SREE CHAITANYA COLLEGE OF ENGINEERING,2
CHTS - SREE CHAITANYA INST OF TECHNOLOGY SCIENCES,3
CIET,2
CJIT - CHRISTU JYOTHI INSTITUTE OF TECHNOLOGY AND SCI,4
CME COLLEGE OF ENGINEERING AND TECHNOLOGY,1
CMR COLLEGE OF ENGINEERING AND TECHNOLOGY,2
CMR ENGNEERING COLLEGE,1
CMR TECHNICAL CAMPUS,1
CMR UNIVERSITY,1
CMRG - CMR TECHNICAL CAMPUS (AUTONOMOUS),163
CMRK - C M R COLLEGE OF ENGG AND TECHNOLOGY (AUTONOMOUS),628
CMRM - CMR INSTITUTE OF TECHNOLOGY (AUTONOMOUS),41
CMRN - CMR ENGG COLLEGE (AUTONOMOUS),15
COGNICO,1
COGNITIVEBOTICS,1
COGNIZANT,3
COLLEGE,407
COMMUNITY DREAMS FOUNDATION,1
COMPANY,3
COMPUTER SCIENCE & ENGINEERING,1
CONCORDIA UNIVERSITY,1
CONCORDIA UNIVERSITY WISCONSIN,1
COVENTRY UNIVERSITY,1
COVESTRO AG,1
CR RAO ADVANCED INSTITUTE OF MATHEMATICS AND STATISTICS,1
CRRAO INSTITUTE,1
CUH,1
CVRH - CVR COLLEGE OF ENGINEERING,56
Cbse School ,1
"Chaudhary Devi Lal University, Sirsa",1
D.N.R COLLEGE OF ENGINEERING AND TECHNOLOGY,2
D.R B.C ROY ENGINEERING COLLEGE,1
DADI INSTITUTE OF ENGINEERING AND TECHNOLOGY,3
DAITA MADHUSUDANA SASTRY SRI VENKATESWARA HINDU COLLEGE OF ENGINEERING,5
DARE - DARIPALLY ANANTHA RAMULU COLLOF ENGGAND TECH,2
DAVID MEMORIAL COLLEGE,1
DAYANANDA SAGAR ACADEMY OF TECH & MGMT,1
DAYANANDA SAGAR ACADEMY OF TECHNOLOGY AND MANAGEMENT,2
DAYANANDA SAGAR COLLEGE OF ENGINEERING COLLEGE,1
DB4CLOUD TECHNOLOGY PVT LTD,1
DBSIT COLLEGE,1
DCET - DECCAN COLLEGE OF ENGINEERING AND TECHNOLOGY,3
DECCAN FINE CHEMICALS,1
DHANALAKSHMI SRINIVASAN UNIVERSITY,1
DHANEKULA INSTITUTE OF ENGINEERING AND TECHNOLOGY,6
DIABSOLUT,1
"DIET, GANGURU",1
DIGITALOPS,1
DIPLOMA COMPLETED AND GOING TO BETCH AS LATERAL ENTRY,1
DIRECTV,1
DIVINCI INNOVATIVE SOLLUTIONS,1
DMSSVH COLLEGE OF ENGINEERING MACHILIPATNAM AFFLIATED TO JNTUK,5
DONT HAVE SUCH,1
DR B R AMBEDKAR INSTITUTE OF MANAGEMENT AND TECHNOLOGY,1
DR BC ROY ENGINEERING COLLEGE,3
DR BR AMBEDKAR UNIVERSITY,3
DR LANKAPALLI BULLAYYA COLLEGE OF ENGINEERING,1
DR MGR EDUCATIONAL AND RESEARCH INSTITUTE,3
DR PAUL RAJ ENGINEERING COLLEGE/JNTUK,1
DR PAULRAJ ENGINEERING COLLEGE,1
DR. B.C ROY ENGINEERING COLLEGE,1
DR. M.G.R. EDUCATIONAL AND RESEARCH INSTITUTE,1
DR.B.C. ROY ENGINEERING COLLEGE,1
DR.HARI SINGH GOUR UNIVERSITY,1
DR.K.V. SUBBA REDDY INSTITUTE OF TECHNOLOGY,1
DR.M.G.R EDUCATIONAL AND RESEARCH INSTITUTE,1
DR.MAHALINGAM COLLEGE OF ENGINEERING AND TECHNOLOGY,2
DR.MGR UNIVERSITY,1
DRKC - D R K COLLEGE OF ENGINEERING AND TECHNOLOGY,2
DRKI - D R K INSTITUTE OF SCI AND TECHNOLOGY,19
DRONACHARYA COLLEGE OF ENGINEERING,1
DVR & DR. HS MIC COLLEGE OF TECHNOLOGY,1
DVR AND DR HS MIC COLLAGE OF TECHNOLOGY,5
DVR DR HS MIC COLLEGE OF TECHNOLOGY,1
DVR&DR.HS MIC COLLEGE OF TECHNOLOGY,1
DWARKADAS J SANGHVI COLLEGE OF ENGINEERING,1
"Dr.A.P.J. Abdul Kalam Technical University, Lucknow",1
Driems University,1
E,1
EADA BUSINESS SCHOOL,1
EAST POINT COLLEGE OF ENGINEERING AND TECHNOLOGY,1
EAST WEST INSTITUTE OF TECHNOLOGY,1
EASWARI ENGINEERING COLLEGE,1
ECE,1
EFICENS SYSTEMS,1
ELEN - ELLENKI COLLGE OF ENGG AND TECHNOLOGY,4
ELLANKI COLLEGE OF ENGINEERING AND TECHNOLOGY,1
ENGINEERING COLLEGE,1
ERICSSON,1
ESWAR COLLEGE OF ENGINEERING,1
ETHIRAJ COLLEGE FOR WOMEN,2
EVERNORTH HEALTH SERVICES,1
"EX AMAZON, WIPRO, HSBC",1
EXPERIAN,1
EY,1
F. C. RODRIGUES INSTITUTE OF TECHNOLOGY,1
FERGUSON CENTRE FOR HIGHER LEARNING,1
FISERV,1
FLORIDA ATLANTIC UNIVERSITY,1
"FLORIDA ATLANTIC UNIVERSITY, GURU NANAK INSTITUTIONS TECHNICAL CAMPUS",1
FLORIDA INTERNATIONAL UNIVERSITY,1
FREELANCE CONTENT WRITER,1
FRESHER,1
G PULLA REDDY ENGINEERING COLLEGE,3
"G PULLA REDDY ENGINEERING COLLEGE (AUTONOMOUS), KURNOOL",15
"G PULLA REDDY ENGINEERING COLLEGE, KURNOOL",1
G PULLAIAH COLLEGE OF ENGINEERING AND TECHNOLOGY,8
G. NARAYANAMMA INSTITUTE OF TECHNOLOGY AND SCIENCE,2
G. PULLAIAH COLLEGE OF ENGINEERING AND TECHNOLOGY,1
G.NARAYANAMMA INSTITUTE OF TECHNOLOGY AND SCIENCE,1
G.PULLAIAH COLLEGE OF ENGINEERING AND TECHNOLOGY,1
GANDHI INSTITUTE OF TECHNOLOGY,1
GANDHI INSTITUTE OF TECHNOLOGY AND MANAGEMENT,3
GANDHIJI INSTITUTE OF SCIENCE AND TECHNOLOGY,2
GARDEN CITY UNIVERSITY,1
GATE - GATE INSTITUTE OF TECHNOLOGYAND SCIENCES,5
GAUHATI UNIVERSITY,3
GAUHATI UNIVERSITY INSTITUTE OF SCIENCE AND TECHNOLOGY,1
GAYATHRI VIDYA PARISHAD PG AND DEGREE COURSES(A),1
GAYATRI VIDYA PARISAD COLLEGE FOR DEGREE AND PG COURSES,4
GAYATRI VIDYA PARISAD COLLEGE OF ENGINEERING,6
GAYATRI VIDYA PARISAD COLLEGE OF ENGINEERING FOR WOMEN,5
GAYATRI VIDYA PARISHAD,2
GAYATRI VIDYA PARISHAD COLLAGE FOR DEGREE AND PG COURSES,1
GAYATRI VIDYA PARISHAD COLLEGE OF ENGINEERING,2
GAYATRI VIDYA PARISHAD COLLEGE OF ENGINEERING FOR WOMEN,1
GAYATRI VIDYA PARISHAD OF ENGINEERING,1
GCTC - GEETANJALI COLLEGE OF ENGG AND TECHNOLOGY (AUTONOMOUS),102
GCTC - GEETHANJALI COLLEGE OF ENGG AND TECHNOLOGY (AUTONOMOUS),265
GD GOENKA,1
GD GOENKA UNIVERSITY,68
GD.GOENKA UNIVERSITY,1
GDGD,1
GEETHANJALI INSTITUTE OF SCIENCE AND TECHNOLOGY,3
GENPACT PVT LTD,1
GEORGE MASON UNIVERSITY,1
GEORGIA INSTITUTE OF TECHNOLOGY,1
GGC,1
GIET COLLEGE OF ENGINEERING,3
GIET UNIVERSITY,1
GIOE,2
"GIRRAJ GOVT COLLEGE, NZD",1
GITAM,131
GITAM - GITAM UNIVERSITY,40
GITAM BANGALORE,3
GITAM DEEMED TO BE UNIVERSITY,1
GITAM UNIVERSITY,2
GITAM UNIVERSITY BENGALURU,1
"GITAM UNIVERSITY, BENGALURU",1
GITAM VISAKHAPATNAM,2
GLWC - GOKARAJU LAILAVATHI WOMENS ENGINEERING COLLEGE,20
GMR INSTITUTE OF TECHNOLOGY,11
GNIT - GURUNANAK INST OF TECHNOLOGY,28
GNITC- GURU NANAK TECHNICAL CAMPUS,1
GNTW - G NARAYNAMMA INSTITUTE OF TECHNOLOGY AND SCI,174
GO IT BUILDERS,1
GODAVARI INSTITUTE OF ENGINEERING AND TECHNOLOGY,8
GODAVARI INSTITUTION OF ENGINEERING TECHNOLOGY,1
GOKARAJU RANGARAJU INSTITUTE OF ENGINEERING AND TECHNOLOGY,1
GOLLA SAI KUMAR,1
GOVERNMENT COLLEGE AUTONOMOUS RAJAHMUNDRY,1
GOVERNMENT DEGREE COLLEGE FOR WOMEN,1
GOVERNMENT DEGREE COLLEGE KHAIRATABAD,3
"GOVERNMENT DEGREE COLLEGE OF WOMEN'S, BEGUMPET",1
GOVERNMENT INSTITUTE OF ELECTRONICS,6
GOVERNMENT JUNIOR COLLEGE,1
GOVERNMENT POLYTECHNIC BUXAR,1
"GOVERNMENT POLYTECHNIC COLLEGE,PILLARIPATTU",1
GOVERNMENT POLYTECHNIC FOR WOMENS,1
GOVERNMENT POLYTECHNIC PANJIM,1
GOVT MAHILA ENGINEERING COLLEGE AJMER,1
"GOVT POLYTECHNIC COLLEGE, MASAB TANK",1
"GOVT. CITY COLLEGE (A), HYDERABAD",1
GOWRA AEROSPACE TECHNOLOGIES PRIVATE LIMITED,1
GPREC,1
GPREC - G PULLA REDDY ENGINEERING COLLEGE,1
GRAPHIC ERA HILL UNIVERSITY,1
GRRR - GOKARAJU RANGARAJU INSTITUTE OF ENGG AND TECH,290
GTBIT GGSIPU,1
GUARDIAN INDIA,1
GUDLAVALLERU ENGINEERING COLLEGE,3
GURU - GURUNANAK INSTTECH CAMPUS,25
GURU TEGH BAHADUR 4TH CENTENARY ENGINEERING COLLEGE,1
GURUKUL KANGRI UNIVERSITY,1
GVR & S COLLEGE OF ENGINEERING AND TECHNOLOGY (AFF. JNTUK),1
Gauhati University ,2
H MEDIA NETWORKS INDIA PVT LTD,1
HARRISBURG UNIVERSITY,1
HCL IT,1
HCL TECH,3
HERITAGE INSTITUTE OF TECHNOLOGY,1
HEXAWARE TECHNOLOGIES,1
HIMACHAL PRADESH TECHNICAL UNIVERSITY,1
HINDUSTAN UNIVERSITY,1
HINDUSTHAN COLLEGE OF ENGINEERING AND TECHNOLOGY,1
HITAM,1
HITM - HYDERABAD INST OF TECHNOLOGY AND MGMT (AUTONOMOUS),58
HKBK COLLEGE OF ENGINEERING,1
HOLY - HOLY MARY INSTITUTE OF TECH SCIENCE (AUTONOMOUS),14
HOLYMARY DEGREE COLLEGE,1
HOUSEWIFE,1
HUMANA,1
HYDERABAD SCHOOL OF BUSINESS [OSMANIA UNIVERSITY],1
HYNDHAVI,1
"I.K GUJRAL PUNJAB TECHNICAL UNIVERSITY, KAPURTHALA",1
IARE - INSTITUTE OF AERONAUTICAL ENGINEERING,228
IBM,1
ICFAI,3
ICFAI BUSINESS SCHOOL,1
ICFAI FOUNDATION FOR HIGHER EDUCATION,9
ICFAI TECH,2
ICFAI TECH FOR HIGHER EDUCATION,1
ICFAI TECH UNIVERSITY HYDERABAD,1
ICFAI UNIVERSITY,18
ICFAI UNIVERSITY HYDERABAD,4
"ICFAI UNIVERSITY, HYDERABAD",1
ICFAI-HYDERABAD,1
ICFAI-HYDERBABAD,1
ICREATE DEGREE COLLEGE KUKATPALLY,1
IES IPS ACADEMY INDORE(M.P),1
IFHE,3
IFHE HYDERABAD,224
IFHE UNIVERSITY,1
IFHE UNIVERSITY HYDERABAD,1
IGNOU,1
"IGNTU, AMARKANTAK",1
IIIT BHUBANESHWAR,1
IIIT HYDERABAD,4
IIIT NAGPUR,1
IIIT RGUKT NUZVID,1
IIIT RGUKT RKV,1
IIIT SONEPAT HARYANA,1
IIIT SRI CITY,4
IIIT SRIKAKULAM,1
IIIT VADODARA,1
IIIT VADODARA INTERNATIONAL CAMPUS DIU,1
IIITDM KANCHEEPURAM,2
IIITDM KURNOOL,1
IIT BHU VARANASI,1
IIT DELHI,2
IIT GANDHINAGAR,1
IIT GUWAHATI,3
IIT INDORE,1
IIT KANPUR,1
IIT KHARAGPUR,4
IIT MADRAS,8
IIT PATNA,2
IIT ROORKEE,2
IIT TIRUPATI,1
"IIT- INDIAN INSTITUTE OF TECHNOLOGY,DELHI",1
IITH,2
IITT - INDUR INSTITUTE OF ENGINEERING AND TECHNOLOGY,7
ILLINOIS INSTITUTE OF TECHNOLOGY,3
INDEPENDENT RESEARCHER,1
INDI - SRI INDU INSTITUTE OF ENGINEERING AND TECHNOLOGY,15
INDIAN INSTITUE OF TECHNOLOGY KHARAGPUR,1
"INDIAN INSTITUTE OF ENGINEERING SCIENCE AND TECHNOLOGY, SHIBPUR",1
"INDIAN INSTITUTE OF INFORMATION TECHNOLOGY (IIIT), DHARWAD",1
INDIAN INSTITUTE OF INFORMATION TECHNOLOGY ALLAHABAD,1
INDIAN INSTITUTE OF INFORMATION TECHNOLOGY BHAGALPUR,1
INDIAN INSTITUTE OF INFORMATION TECHNOLOGY DESIGN AND MANUFACTURING KANCHEEPURAM,2
INDIAN INSTITUTE OF INFORMATION TECHNOLOGY DHARWAD,6
INDIAN INSTITUTE OF INFORMATION TECHNOLOGY KOTTAYAM,1
INDIAN INSTITUTE OF INFORMATION TECHNOLOGY NAGPUR,2
INDIAN INSTITUTE OF INFORMATION TECHNOLOGY RAICHUR,1
INDIAN INSTITUTE OF INFORMATION TECHNOLOGY RANCHI,1
"INDIAN INSTITUTE OF INFORMATION TECHNOLOGY SENAPATI, MANIPUR",2
"INDIAN INSTITUTE OF INFORMATION TECHNOLOGY, KOTA",1
"INDIAN INSTITUTE OF INFORMATION TECHNOLOGY, KOTTAYAM",3
"INDIAN INSTITUTE OF INFORMATION TECHNOLOGY, MANIPUR",2
INDIAN INSTITUTE OF INFORMATION TECHNOLOGY- DHARWAD,1
"INDIAN INSTITUTE OF TECHNOLOGY (BHU), VARANASI",1
INDIAN INSTITUTE OF TECHNOLOGY (INDIAN SCHOOL OF MINES )DHANBAD,1
INDIAN INSTITUTE OF TECHNOLOGY BHUBANESWAR,1
INDIAN INSTITUTE OF TECHNOLOGY BOMBAY,1
INDIAN INSTITUTE OF TECHNOLOGY INDORE,1
INDIAN INSTITUTE OF TECHNOLOGY KHARAGPUR,2
INDIAN INSTITUTE OF TECHNOLOGY MADRAS,2
INDIAN INSTITUTE OF TECHNOLOGY PATNA,3
"INDIAN INSTITUTE OF TECHNOLOGY, PATNA",1
"INDIAN INSTITUTE OF TECHNOLOGY,PATNA",1
INDIAN INTITUTE OF TECHNOLOGY MANDI,1
INDIANA UNIVERSITY BLOOMINGTON,1
INDIRA GANDHI DELHI TECHNICAL UNIVERSITY,1
INDIRA GANDHI DELHI TECHNICAL UNIVERSITY FOR WOMEN,3
INDIRA GANDHI DELHI TECHNICAL UNVERSITY FOR WOMEN,1
INDIRA PRIYADARSHINI GOVERNMENT DEGREE COLLEGE,1
INDU - SRI INDU COLLEGE OF ENGG AND TECHNOLOGY,24
INDUS UNIVERSITY,1
INFOSYS,2
INKPROG TECHNOLOGIES,1
INNOVAPATH IT SOLUTIONS,1
INSTAGRAM,1
INSTITUTE OF AERONAUTICAL ENGINEERING,3
INSTITUTE OF AERONAUTICEL ENGINEERING,1
"INSTITUTE OF INFORMATICS AND COMMUNICATION, UNIVERSITY OF DELHI",1
INSTITUTE OF PUBLIC ENTERPRISE,1
INTELIVERSE TECH SOLUTIONS LLP,1
INTELLIOZ,1
"INTERNATIONAL INSTITUTE OF INFORMATION TECHNOLOGY, BANGALORE",1
"INTERNATIONAL INSTITUTE OF INFORMATION TECHNOLOGY, BHUBANESWAR",1
INTERNATIONAL SCHOOL OF TECHNOLOGIES AND SCIENCES FOR WOMENS,1
INTERNATIONAL SCHOOL OF TECHNOLOGY AND SCIENCE,1
INTERNATIONAL SCHOOL OF TECHNOLOGY AND SCIENCE FOR WOMEN,1
INTERNATIONAL SCHOOL OF TECHNOLOGY AND SCIENCES FOR WOMEN,1
IPS academy Indore RGPV affiliated ,1
ISLC - ISL ENGINEERING COLLEGE,1
ISPACE SOFTWARE SOLUTIONS PVT LTD,1
ISTS WOMEN'S ENGINEERING COLLEGE,1
IT JARGONS,1
ITM SLS BARODA UNIVERSITY,1
IVY (ENTAIN PLC),1
Iit Dharwad,1
Indian institute of technology patna ,1
J.B.INSTITUTE OF ENGINEERING AND TECHNOLOGY,1
JADAVPUR UNIVERSITY,1
JAGANS COLLEGE OF ENGINEERING TECHNOLOGY,1
JAIN (DEEMED-TO-BE UNIVERSITY),1
JAIN UNIVERSITY,6
JANSONS INSTITUTE OF TECHNOLOGY,3
JAWAHARLAL NEHRU TECHNOLOGICAL UNIVERSITY,1
JAWAHARLAL NEHRU TECHNOLOGICAL UNIVERSITY ANANTAPUR,1
JAWAHARLAL NEHRU TECHNOLOGICAL UNIVERSITY KAKINADA,1
JAWAHARLAL NEHRU TECHNOLOGICAL UNIVERSITY OF KAKINADA,1
JAYA - JAYAMUKHI INSTITUTE OF TECHNOLOGY AND SCIS,86
JAYA PRAKASH NARAYAN COLLEGE OF ENGINEERING,1
JAYAMUKHI INSTITUTE OF TECHNOLOGICAL SCIENCES,2
JAYPEE INSTITUTE OF INFORMATION TECHNOLOGY,4
JAYPEE UNIVERSITY OF INFORMATION TECHNOLOGY WAKNAGHAT SOLAN HIMACHAL PRADESH,1
JBIET,1
JBIT - J B INSTITUTE OF ENGG AND TECHNOLOGY,94
JCT COLLEGE OF ENGINEERING AND TECHNOLOGY,1
JEPPIAAR INSTITUTE OF TECHNOLOGY,1
JITS,1
JKC COLLEGE GUNTUR,1
JMTS - JYOTHISHMATHI INSTITUTE OF TECHNOLOGY AND SCI,6
JNKR - JNTU COLLEGE OF ENGINEERING JAGITIAL,17
JNTH - JNTU COLLEGE OF ENGG HYDERABAD,589
JNTHMT - JNTUH-5 YEAR INTEGRATED MTECH SELF FINANCE,4
JNTM - JNTU COLLEGE OF ENGG MANTHANI,9
JNTR - JNTU COLLEGE OF ENGINEERING RAJANNA SIRCILLA,71
JNTS - J N T U COLLEGE OF ENGINEERING SULTANPUR,10
JNTU,1
JNTU COLLEGE OF ENGINNERING JAGITAL,25
JNTU GV,1
JNTU KAKINADA,1
JNTUA,1
JNTUA ANANTAPUR,1
JNTUA COLLEGE OF ENGINEERING,1
JNTUA COLLEGE OF ENGINEERING ANANTAPUR,18
JNTUA COLLEGE OF ENGINEERING KALIKIRI,1
JNTUGV COLLEGE OF ENGINEERING VIZIANAGARAM,7
JNTUH COLLEGE OF ENGINEERING JAGITYAL,1
JNTUH COLLEGE OF ENGINEERING JAGTIAL,1
JNTUH UNIVERSITY COLLEGE OF ENGINEERING JAGTIAL,1
JNTUHCER,1
JNTUK,1
JNTUK COLLEGE OF ENGINNERING KAKINADA,37
JOB SEARCH,1
JOGI - JOGINPALLY B R ENGINEERING COLLEGE,38
JOGINPALLY BR ENGINEERING COLLAGE,1
JOHANNES KEPLER UNIVERSITY,1
JPNE - JAYA PRAKASH NARAYAN COLLEGE OF ENGINEERING,63
JSJSJE,1
JSS COLLEGE FOR WOMEN CHAMARAJANAGAR,1
"JSS SCIENCE AND TECHNOLOGY UNIVERSITY, MYSURU",1
JSSATE BANGLORE,3
JUST PASSED,1
Jaipur National University ,1
Jawa,1
K L UNIVERSITY,9
K S R COLLEGE FOR ENGINEERING AND TECHNOLOGY,1
K. K COLLEGE OF ENGINEERING AND MANAGEMENT,1
K.K. COLLEGE OF ENGINEERING AND MANAGEMENT,1
K.R.MANGALAM UNIVERSITY,1
K.S.RIET,1
KAKATIYA INSTITUTE OF TECHNOLOGY AND SCIENCE FOR WOMEN,1
KAKATIYA INSTITUTE OF TECHNOLOGY AND SCIENCE WARANGAL,1
KAKATIYA UNIVERSITY,6
KAKINADA INSITUTE OF ENGINEERING AND TECHNOLOGY,2
KAKINADA INSTITUE OF ENGINEERING AND TECHNOLOGY,1
KAKINADA INSTITUE OF ENGNEERING AND TECHONOLOGY,1
KAKINADA INSTITUTE OF ENGINEERING & TECHNOLOGY FOR WOMEN,1
KAKINADA INSTITUTE OF ENGINEERING AND TECHNOLGY,2
KAKINADA INSTITUTE OF ENGINEERING AND TECHNOLOGY,39
KAKINADA INSTITUTE OF ENGINEERING AND TECHNOLOGY - WOMEN,1
KAKINADA INSTITUTE OF ENGINEERING AND TECHNOLOGY - WOMENS,1
KAKINADA INSTITUTE OF ENGINEERING AND TECHNOLOGY -II,1
KAKINADA INSTITUTE OF ENGINEERING AND TECHNOLOGY -WOMEN'S,1
KAKINADA INSTITUTE OF ENGINEERING AND TECHNOLOGY -WOMENS,1
KAKINADA INSTITUTE OF ENGINEERING AND TECHNOLOGY 2,1
KAKINADA INSTITUTE OF ENGINEERING AND TECHNOLOGY FOR WOMEN,29
KAKINADA INSTITUTE OF ENGINEERING AND TECHNOLOGY FOR WOMEN'S,2
KAKINADA INSTITUTE OF ENGINEERING AND TECHNOLOGY FOR WOMENS,12
KAKINADA INSTITUTE OF ENGINEERING AND TECHNOLOGY WOMEN'S,1
KAKINADA INSTITUTE OF ENGINEERING AND TECHNOLOGY WOMENS,1
"KAKINADA INSTITUTE OF ENGINEERING AND TECHNOLOGY, KORANGI",1
KAKINADA INSTITUTE OF ENGINEERING AND TECHNOLOGY-WOMEN,1
KAKINADA INSTITUTE OF ENGINEERING AND TECHNOLOGY-WOMENS,1
KAKINADA INSTITUTE OF ENGINEERING TECHNOLOGY,2
KAKINADA INSTITUTE OF ENGINNERING AND TECHNOLOGY,1
KAKINADA INSTITUTE OF TECHNOLOGICAL SCIENCES,2
KAKINADA INSTITUTE OF TECHNOLOGY AND ENGINEERING FOR WOMEN'S,1
KAKINADA INSTITUTES OF ENGINEERING AND TECHNOLOGY,1
KAKINADA INSTITUTION OF EDUCATION AND TECHNOLOGY,2
KAKINADA INSTITUTION OF ENGINEERING AND TECHNOLOGY FOR WOMEN,2
KAKINADA INSTITUTION OF ENGINEERING AND TECHNOLOGY FOR WOMENS,1
KAKINADA INSTITUTION OF ENGINEERS AND TECHNOLOGY,1
KAKINADA INSTITUTIONS OF ENGINEERING AND TECHNOLOGY,3
KAKINADA INSTITUTIONS OF ENGINEERING AND TECHNOLOGY FOR WOMEN,2
KAKINADA INSTITUTIONS OF ENGINEERING TECHNOLOGY WOMENS,1
KAKINADA INSTIUTIONS OF ENGINEERING AND TECHNOLOGY FOR WOMENS,1
KAKINDA INSTITUTE OF ENGINEERING AND TECHNOLOGY FOR WOMEN'S,2
KALASALINGAM ACADEMY OF RESEARCH AND EDUCATION,20
KALASALINGAM UNIVERSITY,6
KALINGA INSTITUTE OF INDUSTRIAL TECHNOLOGY,1
KALLAM HARANADHAREDDY INSTITUTE OF TECHNOLOGY,1
KALSALINGAM ACADEMY OF RESEARCH AND EDUCATION,2
KARUNYA INSTITUTE OF TECHNOLOGY AND SCIENCES,1
KBN PG CENTER,1
KCEA - KSHATRIYA COLLEGE OF ENGINEERING,8
KENT STATE UNIVERSITY,1
KG college of arts and science ,1
KGRH - KG REDDY COLLEGE OF ENGG AND TECHNOLOGY (AUTONOMOUS),65
KIET,1
KIET - KAKINADA INSTITUTE OF ENGINEERING AND TECHNOLOGY,2
KIET COLLEGE,1
KIET GROUP OF INSTITUTIONS,4
KIET WOMENS,1
KIEW- KAKINADA INSTITUTE OF ENGINEERING AND TECHNOLOGY FOR WOMENS,1
KIIT UNIVERSITY,1
KITS - KAKATIYA INSTITUTE OF TECHNOLOGY AND SCI,64
KITS - KRISHANA CHATAINTYA INSTITUTE OF TECHNOLOGY AND SCL,1
KITS AKSHAR INSTITUTE OF TECHNOLOGY,1
KITSW - KAKATIYA INSTITUTE OF TECHNOLOGY AND SCIENCE,1
KITW - KAKATIYA INST OF TECHNOLOGY SCI FOR WOMEN,36
KKR & KSR INSTITUTE OF TECHNOLOGY & SCIENCES,1
KKR & KSR INSTITUTE OF TECHNOLOGY AND SCIENCE,1
KKR & KSR INSTITUTE OF TECHNOLOGY AND SCIENCES,3
KKR & KSR Institute of Technology and Sciences,1
KKR AND KSR INSTITUTE OF TECHNOLOGY AND SCIENCES,3
KL DEEMED TO BE UNIVERSITY,1
KL UNIVERSITY,33
KL UNIVERSITY AZIZNAGAR HYDERABAD,1
"KL UNIVERSITY,VIJAYAWADA",1
KL University Hyderabad ,1
KLEF,1
KLH,1
KLH UNIVERSITY,1
KLU,2
KLU - K L UNIVERSITY,23
KLU - K L University,1
KLUNIVERSITY,5
KMCE- KESHAV MEMORIAL COLLEGE OF ENGINEERING,2
KMEC - KESHAV MEMORIAL ENGINEERING COLLEGE,25
KMIT - KESHAV MEMORIAL INST OF TECHNOLOGY,88
KMM INSTITUTE OF TECHNOLOGY AND SCIENCE,1
KNRR - KASIREDDY NARAYANAREDDY COLL ENGG RES,8
KODNEST,1
KOMMURI PRATAP REDDY INSTITUTE,1
KONERU LAKSHMAIAH DEEMED TO BE UNIVERSITY,1
KONERU LAKSHMAIAH EDUCATION FOUNDATION,3
KONERU LAKSHMAIAH EDUCATION FOUNDATION BACHUPALLY,1
KONERU LAKSHMAIAH UNIVERSITY,1
KONERU LAKSHMAIAH UNIVERSITY HYDERABAD,1
KONNER LAKSHMAIAH UNIVERSITY,1
KORRA RAHUL,1
KPRIT,3
KPRIT ,1
KPRT - KOMMURI PRATAP REDDY INST OF TECHNOLOGY,151
KPRT - KOMMURI PRATAP REDDY INSTITUTE OF TECHNOLOGY,1
KRISHANAVENI ENGINEERING COLLEGE FOR WOMEN NARASARAOPET,1
KRISHNA CHAITANYA INSTITUTE OF TECHNOLOGY AND SCIENCE,1
KRISHNA UNIVERSITY,5
KRISHNA UNIVERSITY COLLEGE OF ENGINEERING AND TECHNOLOGY,2
KRISHNA UNIVERSITY MACHILIPATNAM,1
KRISTU JAYANTI COLLEGE,1
KRUSHNA UNIVERSITY,1
KSHATRIYA COLLEGE OF ENGINEERING,2
KSR INSTITUTE FOR ENGINEERING AND TECHNOLOGY,2
"KSSEM,VTU",1
KTKM - KAMALA INSTITUTE OF TECHNOLOGY AND SCIENCE,7
KUEWSF - UNIVERSITY COLLEGE OF ENGG AND TECH FOR WOMEN KU CAMPUS,4
KUWL - KU COLLEGE OF ENGINEERING AND TECHNOLOGY - SELF FINANCE,2
KUWLSF - KU COLLEGE OF ENGINEERING AND TECHNOLOGY - SELF FINANCE,2
Kaktiya Institute of science and technology for women,1
Kamal Pratap Reddy institution of technology,1
Kprit,1
Kprit coe ,1
LAKI REDDY BALI REDDY COLLEGE OF ENGINEERING,2
LAKIREDDY BALI REDDY COLLEGE OF ENGINEERING,12
LAKIREDDY BALI REDDY COLLEGE OF ENGINNERING,1
LAKIREDDY BALIREDDY COLLEGE OF ENGINEERING,5
LAKIREDDY BALIREDDY COLLEGE OF OF ENGINEERING,1
LAKIREDDYBALIREDDY COLLEGE OF ENGINEERING,1
LAKKIREDDY BALI REDDY COLLEGE OF ENGINEERING,1
LAKKIREDDY BALIREDDY COLLEGE OF ENGINEERING,1
LAKKIREDDY BALIREDDY COLLEGE OF ENGINEERING AND TECHNOLOGY,1
LEARNING DESTINY,1
LENDI INSTITUE OF ENGINEERING AND TECHNOLOGY,1
LENDI INSTITUTE OF ENGINEERING,1
LENDI INSTITUTE OF ENGINEERING AND TECHNOLOGY,7
LFJC,1
LIFE ENTERPRISES,1
LIKHITHA JUJJUWARAPU,1
LIONORBIT.COM,1
LITTLE FLOWER DEGREE COLLEGE,3
LITTLE FLOWERS DEGREE COLLEGE,1
LKDFJAKLD,1
"LNMIIT, JAIPUR",1
LORDS INSTITUTE OF ENGINEERING AND TECHNOLOGY,1
LOVELY PROFESSIONAL,1
LOVELY PROFESSIONAL UNIVERSITY,27
"LOVELY PROFESSIONAL UNIVERSITY ,PUNJAB",1
LOVELY PROFESSSIONAL UNIVERSITY,1
LOVELY PROFFESSIONAL UNIVERSITY,1
LOYOLA ACADEMY,6
LOYOLA ACADEMY DEGREE AND PG COLLEGE,2
LOYOLA ACADEMY HYDERABAD,1
LOYOLA INSTITUTE OF TECHNOLOGY AND MANAGEMENT,1
LRDS - LORDS INSTITUTE OF ENGINEERING AND TECHNOLOGY (AUTONOMOUS),4
M S RAMAIAH UNIVERSITY OF APPLIED SCIENCE,1
M V G R COLLEGE OF ENGINEERING,1
M.V.G.R COLLEGE OF ENGINEERING,1
M.V.G.R. COLLEGE OF ENGINEERING,1
M.V.S.R,1
M.V.S.R ENGINEERING COLLEGE,2
MAA SHAKUMBHARI UNIVERSITY SAHARANPUR,1
MADANAPALL INSTITUTE OF TECHNOLOGY AND SCIENCE,1
MADANAPALLE,1
MADANAPALLE INSTITUTE OF TECHNOLOGY & SCIENCE,2
MADANAPALLE INSTITUTE OF TECHNOLOGY AND SCIENCE,13
MADANAPALLE INSTITUTION OF TECHNOLOGY AND SCIENCES,2
MADANAPALLI INSTITUTE OF TECHNOLOGY AND SCIENCE,1
MADANPALLE INSTITUTE OF TECHNOLOGY AND SCIENCE,1
MAHARAJ VIJAY RAM GANAPATHI RAJ COLLEGE OF ENGINEERING,1
MAHARAJ VIJAYARAM GAJAPATHI RAJ COLLEGE OF ENGINEERING,15
MAHARAJ VIJAYARAM GAJAPATHI RAJ COLLEGE OF ENGINEERING (AUTONOMOUS),3
"MAHARAJ VIJAYARAM GAJAPATHI RAJ COLLEGE OF ENGINEERING , VIZIANAGARAM",1
"MAHARAJ VIJAYARAM GAJAPATHI RAJ COLLEGE OF ENGINEERING, VIZIANAGARAM",1
MAHARAJ VIJAYARAM GAJAPATHIRAJ COLLEGE OF ENGINEERING,1
"MAHARAJ VIJAYARAM GAJAPATI RAJ COLLEGE OF ENGINEERING,VIZIANAGARAM",1
MAHARAJ VIJAYRAM GAJAPATHI RAJ COLLEGE,1
MAHARAJ VIJAYRAM GAJAPATHI RAJ COLLEGE OF ENGINEERING (A),1
MAHARAJA SURAJMAL INSTITUTE OF TECHNOLOGY,1
MAHARAJA VIJAYARAM GAJAPATHIRAJ COLLEGE OF ENGINEERING,1
MAHARANA INSTITUTE OF PROFESSIONAL,1
"MAHATMA BASAVESHWAR EDUCATION SOCIETY'S COLLEGE OF ENGINEERING, AMBAJOGAI",1
MAHATMA GANDHI INSTITUTE OF TECHNOLOGY,1
MAHATMA GANDHI UIVERSITY-NALGONDA,1
MAHATMA GANDHI UNIVERSITY,7
MAHATMA GANDHI UNIVERSITY NALGONDA,2
MAHATMA GANDHI UNIVERSITY NALGONDA TELANGANA,1
"MAHATMA GANDHI UNIVERSITY, NALGONDA",4
MAHINDRA UNIVERSITY,7
MALAVIYA NATIONAL INSTITUTE OF TECHNOLOGY JAIPUR,1
MALILENI LAKSHMAIAH WOMEN'S ENGINEERING COLLEGE,1
MALINENI LAKSHMAIAH WOMEN'S ENGINEERING COLLEGE,1
MALINENI LAKSHMAIAH WOMEN'S ENGINEERING COLLGE,1
MALINENI SUSEELAMMA WOMEN'S ENGINEERING,1
MALLA REDDY COLLEGE OF ENGINEERING,4
MALLA REDDY COLLEGE OF ENGINEERING AND TECHNOLOGY,1
MALLA REDDY ENGINEERING COLLEGE FOR WOMEN,5
MALLA REDDY INSTITUTE OF ENGINEERING AND TECHNOLOGY,1
MALLA REDDY UNIVERSITY,58
MALLAREDDY COLLEGE OF ENGINEERING AND TECHNOLOGY,1
MALLAREDDY COLLEGE OF ENGINEERING FOR WOMEN,1
MALLAREDDY ENGINEERING COLLEGE AND MANAGEMENT SCIENCES,1
MALLAREDDY ENGINEERING COLLEGE FOR WOMEN,2
MALLAREDDY UNIVERSITY,3
MALLAREDY COLLEGE,1
MALLINENI SUSELAMMA WOMEN'S ENGINEERING COLLEGE,1
MANAV RACHNA UNIVERSITY,3
MANIPAL ACADEMY OF HIGHER EDUCATION,1
MANIPAL INSTITUTE OF TECHNOLOGY,5
"MANIPAL INSTITUTE OF TECHNOLOGY, MANIPAL",1
MARIS STELLA COLLEGE,1
MARYVILLE UNIVERSITY,1
MASTERJI DEGREE AND PG COLLEGE,1
MASTERJI DEGREE COLLEGE,1
MASTERS GRADUATE,1
MATRUSRI ENGINEERING COLLEGE,3
MATURE VENKATA SUBBA RAO ENGINEERING COLLEGE,1
MATURI VENKATA SUBBA RAO,1
MATURI VENKATA SUBBARAO ENGINEERING COLLEGE,1
"MAULANA AZAD NATIONAL INSTITUTE OF TECHNOLOGY, BHOPAL",2
"MAYNOOTH UNIVERSITY, IRELAND",1
MDRK - MADHIRA INSTITUTE OF TECHNOLOGY AND SCI,1
MDRK - MADHIRA INSTITUTE OF TECHNOLOGY AND SCIENCES,1
ME,1
MECS - MATRUSRI ENGINEERING COLLEGE,163
MERCEDES BENZ,1
MESCO INSTITUTE OF MANAGEMENT AND COMPUTER SCIENCE,1
METH - METHODIST COLLEGE OF ENGINEERING AND TECHNOLOGY (AUTONOMOUS),59
MGHA - MEGHA INST OF ENGG AND TECHNOLOGY FOR WOMEN,2
MGIT - MAHATMA GANDHI INSTITUTE OF TECHNOLOGY,161
MGU,1
"MGU, UNIVERSITY COLLEGE OF ENGINEERING AND TECHNOLOGY",2
MGUNSF - MGU COLLEGE OF ENGINEERING AND TECHNOLOGY,10
MHVR - MAHAVEER INSTITUTE OF SCI AND TECHNOLOGY,3
MIC COLLEGE OF TECHNOLOGY,2
MICROSOFT,1
MINDLER,1
MIRACLE EDUCATIONAL SOCIETY GROUP OF INSTITUTIONS,3
MIRACLE SOFTWARE SYSTEMS,1
MISSOURI UNIVERSITY OF SCIENCE AND TECHNOLOGY,1
MIT ADT UNIVERSITY,1
MIT Manipal ,1
MJCT - M J COLLEGE OF ENGINEERING AND TECHNOLOGY,9
MLID - M L R INSTITUTE OF TECHNOLOGY,472
MLID- MARRI LAXMAN REDDY INST OF TECHNOLOGY AND MANAGEMENT (AUTONOMOUS),1
MLR- MARRI LAXMAN REDDY INST OF TECHNOLOGY AND MANAGEMENT (AUTONOMOUS),1
MLRD - MALLA REDDY COLLEGE OF ENGG TECHNOLOGY (AUTONOMOUS),246
MLRITM,1
MLRS - MARRI LAXMAN REDDY INST OF TECHNOLOGY AND MANAGEMENT (AUTONOMOUS),116
MLTM - MALLA REDDY INSTITUTE OF TECHNOLOGY,4
MLTM - MALLA REDDY NSTITUTE OF TECHNOLOGY AND SCIENCE,1
MMR INSTITUTE OF TECHNOLOGY,1
MNNIT-MOTILAL NEHRU NATIONAL INSTITUTE OF TECHNOLOGY ALLAHABAD,1
MNRT - MNRCOLLEGE OF ENGINEERING AND TECHNOLOGY,2
MOHAN BABU UNIVERSITY,14
MOHAN BABU UNVERSITY,1
MOODLAKATTE INSTITUTE OF TECHNOLOGY KUNDAPURA,1
MOTHER THERESA DEGREE COLLEGE,1
MOTHER THERESA ENGINEERING COLLEGE,1
MOTHER THERESSA COLLEGE OF ENGINEERING AND TECHNOLOGY,1
MOTILAL NEHRU NATIONAL INSTITUTE OF TECHNOLOGY ALLAHABAD,1
MOTIONCUT,1
MOTK - MOTHER TERESA INSTITUTE OF SCI AND TECHNOLOGY,1
MPHASIS,1
MRCE - MALLA REDDY COLLEGE OF ENGINEERING,125
MRCW,1
MRCW - MALLA REDDY ENGG COLLEGE FOR WOMEN (AUTONOMOUS),185
MREC - MALLAREDDY ENGINEERING COLLEGE (AUTONOMOUS),22
MRECW-MALLA REDDY ENGINEERING COLLEGE FOR WOMEN (AUTONOMOUS),1
MREM - MALLA REDDY ENGINEERING COLLEGE AND MANAGEMENT SCIENCES,25
MRET - MALLAREDDY INST OF ENGG AND TECHNOLOGY,8
MREW - MALLA REDDY COLLEGE OF ENGINEERING FOR WOMEN,23
MRIET(MALLLAREDDY INSTITUTE OF ENGINEERING AND TECHNOLOGY),1
MRIT - MALLAREDDY INST OF TECHNOLOGY AND SCI,19
MRITS - MALLAREDDY INST OF TECHNOLOGY AND SCIENCE,1
MRTN - ST MARTINS ENGINEERING COLLEGE (AUTONOMOUS),61
MRU - MALLA REDDY UNIVERSITY,82
MS RAMAIAH INSTITUTE OF TECHNOLOGY,1
MTEC - MOTHER THERESA COLLEGE OF ENGG AND TECHNOLOGY,40
MU - MAHINDRA UNIVERSITY,3
MUFFAKHAM JAH COLLEGE OF ENGINEERING,1
MURRAY STATE UNIVERSITY,1
MUTHAYAMMAL ENGINEERING COLLEGE,2
MUTHYAMMAL ENGINEERING COLLEGE,1
MVGR,9
MVGR - MAHARAJ VIJAYARAM GAJAPATHI RAJ COLLEGE OF ENGINEERING (AUTONOMOUS),2
MVGR COLLEGE,2
MVGR COLLEGE OF ENGINEERING,48
MVGR COLLEGE OF ENGINEERING (A),1
MVGR COLLEGE OF ENGINEERING -VZM,1
"MVGR COLLEGE OF ENGINEERING CHINTALAVALASA, VIZIANAGARAM",1
MVGR COLLEGE OF ENGINEERING VIZIANAGARAM,1
MVGR COLLEGE OF ENGINEERING(A),1
MVGR COLLEGE OG ENGINEERING (MVGRCE),1
MVGR College of Engineering ,1
"MVGR College of Engineering, JNTUK Affiliated",1
MVGR ENGINEERING COLLEGE,1
MVGR college of engineering ,1
MVGR-MAHARAJ VIJAYARAM GAJAPATHIRAJ ENGINEERING COLLEGE (AUTONOMOUS ),1
MVGRCE,2
MVGRCE- Maharaj Vijayaram Gajapathi Raj College of engineering,1
MVJ COLLEGE OF ENGINEERING,1
MVRG-MVGR COLLEGE OF ENGINEERING(AUTONOMOUS),1
MVRS ENGINEERING COLLEGE OF SCIENCE AND TECHNOLOGY,1
MVSR - M V S R ENGINEERING COLLEGE (AUTONOMOUS),411
MVSR ENGINEERING COLLEGE,1
MYBIZZERP,1
Maharaj Vijayaram Gajapathi Raj College Of Engineering (Autonomous),1
Maharaj Vijayaram Gajapathi Raj College of Engineering,1
Maharaj Vijayaram Gajapathi Raj College of Engineering (Autonomous),1
Maharaj Vijayaram Gajapathi Raj college of Engineering,1
Maharaj vijayaram gajapathi raj College of engineering ,1
Maharaj vijayaram gajapathi raj college of engineering ,1
Maharishi University of information technology ,1
Manipal Institute of Technology Bangalore ,1
N.B.K.R INSTITUTE OF SCIENCE AND TECHNOLOGY,1
N.K ORCHID COLLEGE OF ENGINEERING AND TECHNOLOGY SOLAPUR,1
NAAC,1
NACC,1
NADIMPALLI SATYANARAYANA RAJU INSTITUTE OF TECHNOLOGY,2
NAGA IT SOLUTIONS LTD,1
NAGARJUNA COLLEGE OF ENGEERING AND TECHNOLOGY,1
NAGARJUNA UNIVERSITY,1
NAGARJUNA UNIVERSITY UNIVERSITY CAMPUS GUNTUR,1
NAIMISA PHYSIOTHERAPY,1
NALLA MALLA REDDY ENGINEERING COLLEGE,1
NALLA REDDY ENGINEERING COLLEGE,1
NAPIER HEALTH CARE,1
NARASARAOPET ENGINEERING COLLEGA,1
NARASARAOPET ENGINEERING COLLEGE,2
NARASARAOPETA ENGINEERING COLLEGE,10
NARASARAOPETA INSTITUTE OF TECHNOLOGY,1
NARASHIMA REDDY ENGINEERING COLLEGE,1
NARASIMHA REDDY ENGENEERING COLLEGE,1
NARASIMHA REDDY ENGINEERING COLLEGE,23
NARASIMHA REDDY ENGINEERING COLLEGE - A C E ENGINEERING COLLEGE (AUTONOMOUS),1
NARASIMHA REDDY ENGINEERING COLLEGES,1
NARASIMHA REDDY ENGINERING COLLEGE,1
NARASIMHAREDDY ENGENEERING COLLEGE,1
NARASIMHAREDDY ENGINEERING COLLEGE,2
NARAYANA ENGENEERING COLLEGE,1
NARAYANA ENGINEERING COLLEGE,4
NARAYANA ENGINEERING COLLEGE NELLORE,1
"NARAYANA ENGINEERING COLLEGE, GUDUR",1
"NARAYANA ENGINEERING COLLEGE, NELLORE",2
NARSIMHA REDDY ENGINEERING COLLEGE,3
NATIONAL COLLEGE OF IRELAND,2
"NATIONAL FORENSIC SCIENCES UNIVERSITY, GANDHINAGAR",1
"NATIONAL INSTITUTE OF TECHNOLOGY , DURGAPUR",1
NATIONAL INSTITUTE OF TECHNOLOGY ANDHRA PRADESH,9
NATIONAL INSTITUTE OF TECHNOLOGY ANDHRAPRADESH,1
NATIONAL INSTITUTE OF TECHNOLOGY CALICUT,3
NATIONAL INSTITUTE OF TECHNOLOGY DELHI,2
NATIONAL INSTITUTE OF TECHNOLOGY DURGAPUR,2
NATIONAL INSTITUTE OF TECHNOLOGY KARNATAKA,2
NATIONAL INSTITUTE OF TECHNOLOGY KARNATAKA SURATHKAL,1
NATIONAL INSTITUTE OF TECHNOLOGY MEGHALAYA,1
NATIONAL INSTITUTE OF TECHNOLOGY SILCHAR,1
NATIONAL INSTITUTE OF TECHNOLOGY SURATHKAL,1
NATIONAL INSTITUTE OF TECHNOLOGY TIRUCHIRAPPALLI,1
NATIONAL INSTITUTE OF TECHNOLOGY UTTARAKHAND,1
"NATIONAL INSTITUTE OF TECHNOLOGY WARANGAL, NITW",1
"NATIONAL INSTITUTE OF TECHNOLOGY, AGARTALA",1
"NATIONAL INSTITUTE OF TECHNOLOGY, ANDHRA PRADESH",1
"NATIONAL INSTITUTE OF TECHNOLOGY, CALICUT",1
"NATIONAL INSTITUTE OF TECHNOLOGY, SILCHAR",1
NAWB - NAWAB SHAH ALAM KHAN COLL OF ENGG AND TECH,40
NAZAR SHAH ALAM KHAN COLLEGE OF ENGINEERING AND TECHNOLOGY,1
NB SCIENCE &PG COLLEGE,1
NBKR INSTITUTE OF SCIENCE AND TECHNOLOGY,3
NBKR INSTITUTE OF SCIENCE AND TECHNOLOY,1
NBKRIST,1
NBM LAW COLLEGE,1
NCI,1
NEAR POLMON COMPANY,1
NEW ENGLAND COLLEGE,1
NEW JERSEY INSTITUTE OF TECHNOLOGY,1
NEWTON SCHOOL OF TECHNOLOGY(RISHIHOOD UNIVERSITY),1
NGIT - NEIL GOGTE INST OF TECHNOLOGY,22
NIAT,2
NIMMA SECURITY PRIVATE LIMITED,1
NIMRA COLLEGE OF ENGINEERING AND TECHNOLOGY,10
NIMRA ENGINEERING AND TECHNOLOGY,1
NIMS UNIVERSITY,2
NISHITHA DEGREE & PG COLLEGE,1
NISHITHA DEGREE AND PG COLLEGE,1
NISHITHA DEGREE COLLEGE,17
NISHITHA DEGREE COLLEGE(AUTONOMOUS),1
NIT - Warangal ,1
NIT ANDHRA,1
NIT ANDHRA PRADESH,4
NIT ANDHRAPRADESH,1
NIT AP,1
NIT DELHI,1
NIT DURGAPUR,1
NIT JALANDHAR,1
NIT Karnataka ,1
NIT ROURKELA,1
NIT WARANGAL,3
NITHIN KUMAR KODIPYAKA,1
NIZAM COLLEGE,2
"NIZAM COLLEGE AUTONOMOUS, BASHEER BAGH, HYDERABAD, TELANGANA 500001",1
NIZAM COLLEGE BASHEERBAGH HYDERABAD,1
"NIZAM COLLEGE, OSMANIA UNIVERSITY",1
NMIMS,1
NNRG - NALLA NARASIMHA REDDY EDNL SOC GRP OF INSTNS,108
NO,2
NONE,4
NORTH CAROLINA STATE UNIVERSITY,1
NORTHEASTERN UNIVERSITY,2
NORTHERN ILLINOIS UNIVERSITY,1
NORTHWEST MISSOURI STATE UNIVERSITY,2
NRCM - NARSIMHAREDDY ENGINEERING COLLEGE (AUTONOMOUS),128
NREC - NALLA MALLA REDDY ENGINEERING COLLEGE (AUTONOMOUS),4
NREC - NALLAMALLA REDDY ENGINEERING COLLEGE (AUTONOMOUS),110
NRI INSTITUTE OF TECHNOLOGY,9
"NRI INSTITUTE OF TECHNOLOGY, GUNTUR",1
"NRI INSTITUTE OF TECHNOLOGY, VIJAYAWADA",1
"NRI INSTITUTE OF TECHOLOGY , POTHAVARAPADU",1
NRIIT,1
NSAKCET,1
NSRIT,3
NTTF,1
NXT WAVE,1
Narasimha Reddy Engineering ,1
Nehru institute of engineering and technology ,2
Nishitha Degree College ,1
Nishitha degree and pg college ,1
Nishitha degree college ,2
Nishitha pg college ,1
Nri Institute Of Technology,1
OKLAHOMA STATE UNIVERSITY,2
OLD BRIDGE HIGH SCHOOL,1
OMEGA BUSINESS SCHOOL,1
ONLINE CHANDIGARH UNIVERSITY,1
ORABASE SOLUTIONS LLC,1
ORACLE INDIA PVT LTD,1
OREGON STATE UNIVERSITY,1
ORGANIZATION,1
OSMANI UNIVERSITY PG COLLEGE,1
OSMANIA,3
OSMANIA COLLEGE,2
"OSMANIA DEGREE COLLEGE, KURNOOL",1
OSMANIA UNIVERSE,1
OSMANIA UNIVERSITY,3
OSOS PVT LTD,1
OTHERS,1
OU,7
OU UNIVERSITY,1
OUCE - O U COLLEGE OF ENGG HYDERABAD,107
OUCESF - O U COLLEGE OF ENGG HYDERABAD - SELF FINANCE,1
OUCT - O U COLLEGE OF TECH HYDERABAD,4
OUCTSF - O U COLLEGE OF TECH HYDERABAD - SELF FINANCE,1
OUTLIER,1
OZONETEL COMMUNICATION PVT. LTD.,1
Omega ,1
Osmina university ,1
P.E.S COLLEGE OF ENGINEERING,1
P.S.V COLLEGE OF ENGINEERING AND TECHNOLOGY,1
PACE INSTITUE OF TECHNOLOGY AND SCIENCES,1
PACE INSTITUTE OF TECHNOLOGY AND SCIENCE,1
PACE INSTITUTE OF TECHNOLOGY AND SCIENCES,5
PACE INSTITUTION OF TECHNOLOGY AND SCIENCES,1
PADMASRI B.V.RAJU INSTITUTE OF TECHNOLOGY,1
PALAR AGRICULTURAL COLLEGE,1
PALV - PALLAVI ENGINEERING COLLEGE,132
PARUL INSTITUTE OF ENGINEERING AND TECHNOLOGY,1
PARUL UNIVERSITY,25
PBR VITS,1
PERSPECTAI,1
PES UNIVERSITY,3
PESITM,1
PETW - PRINCETON INST OF ENGG TECH FOR WOMEN,5
PLAKSHA UNIVERSITY,1
PONNAIYAH RAMAJAYAM INSTITUTE OF SCIENCE AND TECHNOLOGY,1
POTTI SRI RAMULU CHALAVADI MALLIKARJUNA RAO COLLEGE OF ENGINEERING AND TECHNOLOGY,1
POTTI SRIRAMULU CHALVADI MALLIKARJUNA RAO COLLEGE OF ENGINEERING AND TECHNOLOGY,1
POWERTEL SOLUTIONS,1
PRAGATHI,1
PRAGATHI DEGREE COLLEGE,2
PRAGATI ENGINEERING COLLEGE,13
PRAGNYA DEGREE COLLEGE,1
PRAKASAM ENGINEERING COLLEGE,1
PRAKASAM ENGINEERING COLLEGE(JNTUK),1
"PRASAD V.POTLURI SIDDHARTHA INSTITUTE OF TECHNOLOGY, VIJAYAWADA",1
PRATHYUSHA ENGINEERING COLLEGE,1
PRESIDENCY UNIVERSITY,12
PRESIDENCY UNIVERSITY RAJANKUNTE,1
PRIST DEEMED UNIVERSITY,1
PRIST UNIVERSITY,1
PRIW - PRIYADARSHINI INSTITUTE OF SCIENCE & TECHNOLOGY FOR WOMEN,4
PRIYADARSHINI COLLEGE OF ENGINEERING AND TECHNOLOGY,1
PRIYADARSHINI DEGREE COLLEGE,1
PRODIGY SYSTEMS AND SERVICE PRIVATE LIMITED,1
PROFESSOR JAYASHANKAR TELANGANA STATE AGRICULTURAL UNIVERSITY,1
PSCMR,1
PSCMR ENGENEERING COLLEGE,1
PSG Polytechnic college,1
PUDUCHERRY TECHNOLOGICAL UNIVERSITY,2
PURDUE UNIVERSITY,1
PVP SIDDHARTH INSTITUTE OF TECHNOLOGY,2
PVP SIDDHARTHA INSTITUTE OF TECHNOLOGY,2
Pandit Deendayal Energy University ,1
Pccoe ,1
Psg institute of technology and applied research ,1
Q2 SOFTWARE,1
QIS COLLEGE OF ENGINEERING AND TECHNOLOGY,7
QUEEN MARY UNIVERSITY OF LONDON ( GRADUATE ),1
QUIXY,1
R,1
R V INSTITUTE OF TECHNOLOGY AND MANAGEMENT,1
R V.R & J.C COLLEGE OF ENGINEERING,1
R. V. R & J. C COLLEGE OF ENGINEERING,2
R. V. R & J. C. COLLEGE OF ENGINEERING,1
R.M.D ENGINEERING COLLEGE,1
R.M.D. ENGINEERING COLLEGE,1
R.M.K ENGINEERING COLLEGE,2
R.V.R & J. C COLLEGE OF ENGINEERING,1
R.V.R & J.C COLLEGE OF ENGINEERING,9
R.V.R & J.C. COLLEGE OF ENGINEERING,1
R.V.R &J.C College Of Engineering,1
R.V.R &JC COLLEGE OF ENGINEERING,1
R.V.R&J.C COLLEGE OF ENGINEERING,2
R.V.R. & J.C. COLLEGE OF ENGINEERING,3
R.V.R. & J.C.College Of Engineering,1
RADHAKRISHNAMATTA5757@GMAIL.COM,1
RAGHAVENDRA INSTITUTE OF PHARMACEUTICAL EDUCATION AND RESEARCH,1
RAGHU ENGINEERING COLLEGE,12
RAGHU ENGINEERING COLLEGE AFFILIATED BY JNTV,1
RAGHU INSTITUTE OF TECHNOLOGY,4
"RAGIV GANDHI UNIVERSITY OF KNOWLEDGE AND TECHNOLOGIES,R K VALLEY",1
RAGIV GANDHI UNIVERSITY OF KNOWLEDGE TECHNOLOGIES BASAR,1
RAJAMAHENDRI INSTITUTE OF ENGINEERING AND TECHNOLOGY,1
RAJARAJESWARI COLLEGE OF ENGINEERING,1
RAJEEV GANDHI INSTITUTE OF SCIENCE AND TECHNOLOGY,1
RAJEEV GANDHI MEMORIAL COLLAGE OF ENGINEERING AND TECHNOLOGY,1
RAJEEV GANDHI MEMORIAL COLLEGE,1
RAJEEV GANDHI MEMORIAL COLLEGE OF ENGINEERING,4
RAJEEV GANDHI MEMORIAL COLLEGE OF ENGINEERING AND TECHNOLOGY,83
RAJEEV GANDHI MEMORIAL COLLEGE OF ENGINEERING AND TECHNOLOGY (AUTONOMOUS),1
RAJEEV GANDHI MEMORIAL COLLEGE OF ENGINEERING AND TECHNOLOGY AUTONOMOUS,1
"RAJEEV GANDHI MEMORIAL COLLEGE OF ENGINEERING AND TECHNOLOGY, NANDYAL",3
RAJEEV GANDHI MEMORIAL COLLEGE OF ENGINEERING AND TECHNOLOGY- AUTONOMOUS,1
RAJEEV GANDHI MEMORIAL COLLEGE OF ENGINNERING AND TECHNOLOGY,1
RAJEEV GANDHI MEMORIAL ENGINEERING COLLEGE,2
RAJEEV GANDHI MEMORIAL INSTITUTE OF TECHNOLOGY,1
RAJEEV GANDHI MEMORIAL INSTITUTE OF TECHNOLOGY AND ENGINEERING,1
RAJEEV GANDI MEMORIAL COLLAGE OF ENGINEERING AND TECHNOLOGY,1
RAJEEV GANDI MEMORIAL COLLEGE OF ENGINEERING AND TECHNOLOGY,1
RAJEEV GHANDHI MEMORIAL COLLEGE OF ENGINEERING AND TECHNOLOGY,1
"RAJIV GANDHI INSTITUTE OF KNOWLEDGE AND TECHNOLOGIES ,RK VALLEY",1
RAJIV GANDHI INSTITUTE OF PETROLEUM TECHNOLOGY,1
RAJIV GANDHI INSTITUTE OF TECHNOLOGIES NUZVID,1
RAJIV GANDHI UNIVERSITY AND KNOWLEDGE TECHNOLOGIES,1
RAJIV GANDHI UNIVERSITY KF KNOWLEDGR AND TECHNOLOGY,1
RAJIV GANDHI UNIVERSITY OF KNOWLEDGE AND TECHNOLOGIES,12
RAJIV GANDHI UNIVERSITY OF KNOWLEDGE AND TECHNOLOGIES -NUZVID,1
RAJIV GANDHI UNIVERSITY OF KNOWLEDGE AND TECHNOLOGIES BASAR,2
RAJIV GANDHI UNIVERSITY OF KNOWLEDGE AND TECHNOLOGIES RK VALLEY IIIT IDUPULAPAYA KADAPA,1
RAJIV GANDHI UNIVERSITY OF KNOWLEDGE AND TECHNOLOGIES RKVALLEY,1
RAJIV GANDHI UNIVERSITY OF KNOWLEDGE AND TECHNOLOGIES(BASAR),1
"RAJIV GANDHI UNIVERSITY OF KNOWLEDGE AND TECHNOLOGIES, IIIT BASAR",1
"RAJIV GANDHI UNIVERSITY OF KNOWLEDGE AND TECHNOLOGIES,BASAR",2
"RAJIV GANDHI UNIVERSITY OF KNOWLEDGE AND TECHNOLOGIES,SRIKAKULAM",1
RAJIV GANDHI UNIVERSITY OF KNOWLEDGE AND TECHNOLOGIES-BASAR,1
RAJIV GANDHI UNIVERSITY OF KNOWLEDGE AND TECHNOLOGY,3
RAJIV GANDHI UNIVERSITY OF KNOWLEDGE AND TECHNOLOGY BASAR,1
RAJIV GANDHI UNIVERSITY OF KNOWLEDGE AND TECHNOLOGY ONGOLE,1
RAJIV GANDHI UNIVERSITY OF KNOWLEDGE AND TECHNOLOGY RK VALLEY,2
RAJIV GANDHI UNIVERSITY OF KNOWLEDGE AND TECHNOLOGY RK VALLEY UDUPU,1
"RAJIV GANDHI UNIVERSITY OF KNOWLEDGE AND TECHNOLOGY,BASAR",1
"RAJIV GANDHI UNIVERSITY OF KNOWLEDGE AND TECHNOOGIES, BASAR",1
RAJIV GANDHI UNIVERSITY OF KNOWLEDGE TECHNOLOGIES,30
RAJIV GANDHI UNIVERSITY OF KNOWLEDGE TECHNOLOGIES (AUTONOMOUS),1
"RAJIV GANDHI UNIVERSITY OF KNOWLEDGE TECHNOLOGIES , BASAR",3
"RAJIV GANDHI UNIVERSITY OF KNOWLEDGE TECHNOLOGIES ,BASAR",1
RAJIV GANDHI UNIVERSITY OF KNOWLEDGE TECHNOLOGIES - RKVALLEY,1
RAJIV GANDHI UNIVERSITY OF KNOWLEDGE TECHNOLOGIES -BASAR,3
RAJIV GANDHI UNIVERSITY OF KNOWLEDGE TECHNOLOGIES ANDHRA PRADESH,1
RAJIV GANDHI UNIVERSITY OF KNOWLEDGE TECHNOLOGIES BASAR,25
RAJIV GANDHI UNIVERSITY OF KNOWLEDGE TECHNOLOGIES NUZVID,4
RAJIV GANDHI UNIVERSITY OF KNOWLEDGE TECHNOLOGIES RK VALLEY,1
RAJIV GANDHI UNIVERSITY OF KNOWLEDGE TECHNOLOGIES RKVALLEY,1
"RAJIV GANDHI UNIVERSITY OF KNOWLEDGE TECHNOLOGIES, ANDHRA PRADESH",1
"RAJIV GANDHI UNIVERSITY OF KNOWLEDGE TECHNOLOGIES, BASAR",11
"RAJIV GANDHI UNIVERSITY OF KNOWLEDGE TECHNOLOGIES, BASAR.",1
"RAJIV GANDHI UNIVERSITY OF KNOWLEDGE TECHNOLOGIES, IIIT BASAR",1
"RAJIV GANDHI UNIVERSITY OF KNOWLEDGE TECHNOLOGIES, IIIT RK VALLEY",1
"RAJIV GANDHI UNIVERSITY OF KNOWLEDGE TECHNOLOGIES, NUZVID",4
"RAJIV GANDHI UNIVERSITY OF KNOWLEDGE TECHNOLOGIES, ONGOLE",1
"RAJIV GANDHI UNIVERSITY OF KNOWLEDGE TECHNOLOGIES, ONGOLE CAMPUS",1
"RAJIV GANDHI UNIVERSITY OF KNOWLEDGE TECHNOLOGIES,BASAR",8
"RAJIV GANDHI UNIVERSITY OF KNOWLEDGE TECHNOLOGIES,IIIT BASAR",1
"RAJIV GANDHI UNIVERSITY OF KNOWLEDGE TECHNOLOGIES,RK VALLEY",1
"RAJIV GANDHI UNIVERSITY OF KNOWLEDGE TECHNOLOGIES,SRIKAKULAM",1
RAJIV GANDHI UNIVERSITY OF KNOWLEDGE TECHNOLOGIES- BASAR,1
RAJIV GANDHI UNIVERSITY OF KNOWLEDGE TECHNOLOGIES-BASAR,3
RAJIV GANDHI UNIVERSITY OF KNOWLEDGE TECHNOLOGY,3
RAJIV GANDHI UNIVERSITY OF KNOWLEDGE TECHNOLOGY BASAR,1
RAJIV GANDHI UNIVERSITY OF KNOWLEDGE TECHNOLOGY NUZVID,1
"RAJIV GANDHI UNIVERSITY OF KNOWLEDGE TECHNOLOGY, RK VALLEY",1
"RAJIV GANDHI UNIVERSITY OF KNOWLEDGE TECHNOLOGY,BASAR",1
RAJIV GANDHI UNIVERSITY OF KNOWLEGE TECHNOLOGIES BASAR,1
RAMACHANDRA COLLEGE OF ENGINEERING,12
RAMACHANDRA COLLEGE OF ENGINEERING VATLUR,1
RAMACHANDRAN COLLEGE OF ENGINEERING,1
RAMAIAH INSTITUTE OF TECHNOLOGY,1
RAMAIAH UNIVERSITY OF APPLIED SCIENCES,1
RAMAKRISHNA DEGREE AND PG COLLEGE,1
RAO'S COLLEGE,1
RAVI KISHORE VUJJENI,1
RAVINDRA COLLEGE OF ENGINEERING FOR WOMEN,1
RAYALASEEMA UNIVERSITY,2
REALPAGE,1
REKHA SAKIPALLI,1
RESEARCH SCHOLAR OU,1
REVA UNIVERSITY,4
RGM,1
RGM COLLAGE OF ENGINEERING,1
RGM COLLAGE OF ENGINEERING AND TECHNOLOGY,1
RGM COLLEGE,1
RGM COLLEGE OF ENGINEERING,1
RGM COLLEGE OF ENGINEERING AND TECHNOLOGY,1
RGM COLLEGE OF ENGINEERING AND Y,1
RGM-RAJEEV GANDHI MEMORIAL COLLEGE OF ENGINEERING AND TECHNOLOGY,1
RGMCET,12
RGMCET - RAJEEV GANDHI MEMORIAL COLLEGE OF ENGINEERING AND TECHNOLOGY,1
RGMCET ENGINEERING,1
RGMCET-RAJEEV GANDHI MEMORIAL COLLEGE OF ENGINEERING AND TECHNOLOGY,1
RGUKT,1
RGUKT - SRIKAKULAM,1
RGUKT BASAR,32
RGUKT BASAR -IIIT,1
RGUKT IIIT BASAR,2
RGUKT IIIT NUZVID,1
RGUKT NUZIVID,1
RGUKT NUZVID,3
RGUKT ONGOLE,3
RGUKT RK VALLEY,3
RGUKT RKVALLEY,1
RGUKT SRIKAKULAM,2
RGUKT(IIIT),1
RGUKT(IIIT)-SRIKAKULAM,1
"RGUKT, NUZVID",1
"RGUKT, RK VALLEY",1
"RGUKT,BASAR",1
RGUKT- RAJIV GANDHI UNIVERSITY KNOWLEDGE TECHNOLOGIES - BASAR,1
RGUKT-B,1
RGUKT-BASAR,1
RGUKT-BASARA,1
RGUKT-RK,1
RISH,1
RISHI M.S INSTITUTE OF ENGINEERING AND TECHNOLOGY FOR WOMEN,2
RISHI MS INST OF ENGG AND TECH FOR WOMEN,3
RISHI MS INSTITUTE OF ENGEENERING AND TECHNOLOGY FOR WOMEN,1
RISHI MS INSTITUTE OF ENGINEERING AND TECHNOLOGY FOR WOMEN,7
RISHI MS INSTITUTE OF TECHNOLOGY AND ENGINEERING COLLEGE,1
RISHI MS INSTITUTE OF TECHNOLOGY FOR WOMEN,1
RISHI UBR COLLEGE FOR WOMEN'S,1
RISHI UBR COLLEGE FOR WOMENS,1
RISHI UBR DEGREE WOMEN'S COLLEGE,1
RISHI UBR WOMEN'S COLLEGE,12
RISHI UBR WOMEN'S COLLEGE ,2
RISHI UBR WOMEN'S DEGREE,1
RISHI UBR WOMEN'S DEGREE COLLEGE,1
RISHI UBR WOMENS COLLEGE,4
RISHI UBR WOMENS COLLEGE ,1
RISHI UBR WOMENS' COLLEGE,1
RISHI UBR women's college ,1
RISHIHOOD UNIVERSITY,1
RITHEESHTALLURI2@GMAIL.COM,1
RITW - RISHI MS INST OF ENGG AND TECH FOR WOMEN,217
RITW - RISHI MS INSTITUTE OF ENGINEERING AND TECHNOLOGY FOR WOMEN,1
RITW - RISHI UBR WOMEN'S COLLEGE,1
RK DEGREE AND PG COLLEGE,1
RMD ENGINEERING COLLEGE,2
RMK COLLEGE OF ENGINEERING AND TECHNOLOGY,1
ROBERT BOSCH GLOBAL SOFTWARE,1
ROBERT MORRIS UNIVERSITY,1
ROHITH VELTURI,1
RTMNU,1
RUTGERS UNIVERSITY NEW BRUNSWICK,1
RV INSTITUTE OF TECHNOLOGY,1
RV INSTITUTE OF TECHNOLOGY AND MANAGEMENT,1
RV UNIVERSITY,2
RVCE,1
RVR & JC,2
RVR & JC COLLEGE OF ENGINEERING,1
"RVR & JC COLLEGE OF ENGINEERING,GUNTUR",1
RVR &JC CE,1
RVR AND JC COLLEGE OF ENGINEERING,1
RVR&JC COLLEGE OF ENGINEERING,5
RVRJCCE,1
"Rajiv Gandhi University Of Knowledge Technologies, Srikakulam",1
"Rajiv Gandhi University of knowledge technologies, nuzvid, Andhrapradesh ",1
Rishi M.S Institute of Engineering and Technology for Women,1
Rishi M.S institute of engineering and technology for women ,1
Rishi M.S.institute of Engineering and technology For women,1
Rishi UBR Women's College ,2
Rishi UBR Women's college ,1
Rishi UBR woman's college ,1
Rishi UBR women's College ,1
Rishi UBR women's college,1
Rishi UBR women's college ,9
Rishi UBR women's degree college,1
Rishi UBR women's degree college ,1
Rishi UBR womens college ,3
Rishi Ubr Women College,1
Rishi Ubr Women'S,2
Rishi Ubr Women'S College,5
Rishi Ubr Women'S Degree College,1
Rishi Ubr Womens College,3
Rishi Ubr Womens degree college ,1
Rishi uber women's college ,2
Rishi ubr women college ,1
Rishi ubr women degree College,1
Rishi ubr women's clg ,1
Rishi ubr women's college,1
Rishi ubr women's college ,14
Rishi ubr women's college B.COM,1
Rishi ubr women's degree College ,2
Rishi ubr women's degree college ,2
Rishi ubr womens collage ,1
Rishi ubr womens college,1
Rishi ubr womens college ,2
Rishi ubr women’s college ,2
Rishi women's degree college,1
Rishi women’s ,1
Rishi women’s degree college ,2
Rishiubr Womens College,1
Rishiubrwomenscollege ,1
Rishiurwomensdegreecollege,1
"Rustamji Institute of Technology (BSF), Gwalior",1
S J C INSTITUTE OF TECHNOLOGY,1
S R M institute of science and technology,1
S R UNIVERSITY,1
S.L.R.PRATHIBHA MODEL DEGREE COLLEGE,1
S.V.D.G.D.C.WOMEN IN NIDADAVOLU,1
S.V.DEGREE COLLEGE,1
SACET STUDENT,1
SACRED HEART UNIVERSITY,2
SAGE UNIVERSITY INDORE,1
SAGI RAMA KRISHNAM RAJU ENGINEERING AFFILIATED JNTUK,1
SAGI RAMA KRISHNAM RAJU ENGINEERING COLLEGE,3
SAGI RAMAKRISHNAM RAJU ENGINEERING COLLEGE,3
"SAHYADRI COLLEGE OF ENGINEERING AND MANAGEMENT, MANGALORE",1
SAI RAJESWARI INSTITUTE OF TECHNOLOGY,2
SAI SUDHIR DEGREE PG CLG,1
SAI UNIVERSITY,1
SAILS SOFTWARE SOLUTIONS,1
SAINT LOUIS UNIVERSITY,2
SAIS - SAI SPURTI INSTITUTE OF TECHNOLOGY,12
SAMHITHA DEGREE COLLEGE,1
SAMSKRUTHI COLLEGE OF ENGINEERING AND TECHNOLOGY,1
SAMSKRUTI COLLEGE OF ENGINEERING AND TECHNOLOGY,5
SANA ENGINEERING COLLEGE,1
SANDIP UNIVERSITY,1
SANDIP UNIVERSITY NASHIK,1
SANJEEV DEGREE COLLEGE,1
SANKETIKA VIDYA PARISHAD ENGENEERING COLLEGE,1
SANSKRITHI SCHOOL OF ENGINEERING,2
SANTHIRAM ENGINEERING COLLEGE,3
SAROJINI NAIDU VANITA MAHA VIDYALAYA,1
SASI,1
SASI INSTITUTE OF ENGINEERING AND TECHNOLOGY,1
SASI INSTITUTE OF TECHNOLOGY AND ENGINEERING,6
SASI INSTITUTE OF TECHNOLOGY AND ENGINERRING,1
SASI INTSITUTE OF TECHNOLOGY AND ENGINEERING,1
SASTRA,1
SASTRA DEEMED TO BE UNIVERSITY,2
SASTRA DEEMED UNIVERSITY,4
SASTRA UNIVERSITY,4
SATAVHANA,1
SATHAVAHANA UNIVERSITY ALPHORSE WOMEN’S DEGREE AND PG COLLAGE,1
SATHYABAMA,1
SATHYABAMA INSTITUTE OF SCIENCE AND TECHNOLOGY,10
SATHYABAMA UNIVERSITY,8
SATHYABAMA UNIVERSITY OF SCIENCE AND TECHNOLOGY,1
SATYA DEGREE & PG COLLEGE,1
SATYA INSTITUTE OF TECHNOLOGY AND MANAGEMENT,1
SAVEETHA ENGINEERING COLLEGE,1
SAVEETHA INSTITUTE OF MEDICAL AND TECHNICAL SCIENCES,1
SAVEETHA INSTITUTION OF MEDICAL AND TECHNICAL SCIENCES,1
SAVEETHA SCHOOL OF ENGINEERING,16
SAVEETHA UNIVERSITY,1
SBIT,1
SBIT - SWARNA BHARATHI INSTITUTE OF SCI AND TECHNOLOGY,44
SCALER,1
SCET - SHADHAN COLL OF ENGINEERING AND TECHNOLOGY,1
"SCHOOL OF COMPUTER & INFORMATION SCIENCES, UNIVERSITY OF HYDERABAD.",1
SDES - SREE DATTHA INSTITUTE OF ENGINEERING AND SCIENCE,9
SDEW - SRIDEVI WOMENS ENGINEERING COLLEGE,96
SDGI - SREE DATTHA GRP OF INSTNS,4
SDHR DEGREE COLLEGE,1
SEA COLLEGE OF ENGINEERING AND TECHNOLOGY,1
SEARS,1
SEG - SREENIDHI UNIVERSITY,1
SELECTSYS,1
SESHADRI RAO GUDLAVALLERU ENGINEERING COLLEGE,6
SHADAN WOMEN'S COLLEGE OF ENGINEERING AND TECHNOLOGY,1
SHIV NADAR INSTITUTE OF EMINENCE,1
SHIV NADAR UNIVERSITY,1
SHIV NADAR UNIVERSITY CHENNAI,2
SHREE MEDHA DEGREE COLLEGE,1
SHRI MADHWA VADIRAJA INSTITUTE OF TECHNOLOGY & MANAGEMENT (SMVITM),1
SHRI VISHNU ENGINEERING COLLEGE FOR WOMEN,21
SHRI VISHNU ENGINEERING COLLEGE FOR WOMEN’S,1
SHRI VISHNU ENGINERING COLLEGE FOR WOMEN,1
SHRI VISHNU ENGINERRING COLLEGE FOR WOMEN,1
SIDDHARTH EDUCATION ACADEMY GROUP OF INSTITUTIONS,1
SIDDHARTH INSTITUTE OF ENGINEERING AND TECHNOLOGY,1
SIDDHARTHA DEGREE AND PG COLLEGE,1
"SIDDHARTHA INSTITUTE OF SCIENCE AND TECHNOLOGY, PUTTUR",1
SIEI - SIDDHARTHA INSTT OF ENGG AND TECHNOLOGY,17
SIES GRADUATE SCHOOL OF TECHNOLOGY,1
SIET,1
SIIET,1
SILVER OAKS INTERNATIONAL SCHOOL,1
SIMON FRASER UNIVERSITY,1
SIMPLIFORGE CREATIONS,1
SIR C R REDDY COLLEGE OF ENGINEERING,4
SIR C R REDDY COLLEGE OF ENGINEERING ELURU,1
SIR C R REDDY ENGINEERING COLLEGE OF ENGINEERING,1
SIR C.R.REDDY COLLEGE OF ENGINEERING,1
SIR C.R.REDDY COLLEGE OF ENGINEERING ELURU,1
SIR CR REDDY COLLEGE OF ENGINEERING,5
"SIR CR REDDY COLLEGE OF ENGINEERING, ELURU",1
SIR CR REDDY COLLEGE OF ENGINNERING,1
SIR CR REDDY POLYTECHNIC,1
SIR M VISVESVARAYA COLLGE OF ENGINEERING,1
SIR MVIT INSTITUTE OF TECHNOLOGY,1
SIR PADAMPAT SINGHANIA UNIVERSITY,1
SIR.C.R.REDDY COLLEGE OF ENGINEERING,1
SIRCRREDDY COLLEGE OF ENGINEERING,1
SISG - SIDDHARTHA INSTT OF TECHNOLOGY AND SCIENCES,12
SIVA SIVANI INSTITUTE OF MANAGEMENT,1
SJC INSTITUTE OF TECHNOLOGY,1
SJM INSTITUTE OF TECHNOLOGY,1
"SKIT , JAIPUR",1
SMCD - ST MARYS ENGINEERING COLLEGE,6
SMCE,1
SMED - ST MARYS GROUP OF INSTITUTIONS,1
SMIC - ST MARYS INTEGRATED CAMPUS,1
SMSK - SAMSKRUTHI COLLEGE OF ENGG AND TECHNOLOGY,60
SNIS - SREENIDHI INSTITUTE OF SCI AND TECHNOLOGY,428
SNIS - SREENIDHI INSTITUTE OF SCIENCE AND TECHNOLOGY,1
SNIST,2
SNIST - SREENIDHI INSTITUTE OF SCI AND TECHNOLOGY,3
SNIST - SREENIDHI INSTITUTE OF SCIENCE AND TECHNOLOGY,1
SNIST- SREENIDHI INSTITUTE OF SCIENCE AND TEXHNOLOGY,1
SNS COLLEGE OF ENGINEERING,1
SNTI - SCIENT INSTITUTE OF TECHNOLOGY,7
"SOBHASARIA GROUP OF INSTITUTIONS, SIKAR",1
SOCIAL PRACHER,1
SOILSOFT TECHNOLOGIES,1
SOLERA INC,1
SP COLLEGE PADMARAONAGAR,1
SPEC - ST PETERS ENGINEERING COLLEGE (AUTONOMOUS),115
SPHN - SPHOORTHY ENGINEERING COLLEGE,84
SPHOORTHY ENGINEERING COLLEGE,1
SR COLLAGE,1
SR GEC,1
SR INTERNATIONAL INSTITUTE OF TECHNOLOGY,1
SR UNIVERSITY,3
SR&BGNR COLLEGE,1
SR&BGNR COLLEGE KHAMMAM,1
SR.ENGINEERING COLLEGE,1
SREE DATTHA INSTITUTE OF ENGINEERING AND SCIENCE,1
SREE RAMA ENGINEERING COLLEGE,2
SREE RAMACHANDRA DEGREE AND PG COLLEGE,1
"SREE VAHINI INSTITUTE OF SCIENCE AND TECHNOLOGY,TIRUVUR",1
SREE VENKATESHWARA COLLEGE OF ENGINEERING,1
SREE VENKATESHWARA ENGINEERING COLLEGE,1
SREE VENKATESWARA COLLEGE OF ENGINEERING,1
SREE VIDYANIKETAN ENGENEERING COLLEGE,1
SREE VIDYANIKETHAN ENGINEERING COLLEGE,7
SREEN,1
SREENIDHI INSTITUTE OF SCIENCE AND TECHNOLOGY,5
SREENIDHI UNIVERSITY,1
SREENIVASA INSTITUTE OF TECHNOLOGY AND MANAGEMENT STUDIES,2
SRGEC,1
SRGEC- SESHADRI RAO GUDLAVALLERU ENGINEERING COLLEGE,1
SRHP - SR UNIVERSITY ( FORMERLY S R ENGINEERING COLLEGE),39
SRI BALAJI UNIVERSITY PUNE,1
SRI CHAITANYA,1
SRI CHAITANYA INSTITUTE OF TECHNOLOGY SCIENCES,1
SRI CHAITANYA JR COLLEGE,2
SRI CHANDRASEKHARENDRA SARASWATHI VISWA MAHAVIDYALAYA,1
SRI DURGA MALLESWARA SIDDHARTHA MAHILA KALASALA,1
SRI HARSHINI DEGREE COLLEGE,1
SRI INDU COLLEGE OF ENGINNERING AND TECHNOLOGY,1
SRI INDU ENGINEERING AND TECHNOLOGY,1
SRI INDUU INSTITUTE OF ENGINEERING & TECHNOLOGY,1
SRI KAALAHASTISWARA INSTITUTE OF INFORMATION AND MANAGEMENT SCIENCES,1
SRI KRISHNA DEVARAYA COLLEGE OF ENGINEERING AND TECHNOLOGY,1
SRI KRISHNA DEVARAYA UNIVERSITY,1
SRI KRISHNADEVARAYA UNIVERSITY COLLEGE OF ENGINEERING AND TECHNOLOGY,2
SRI MITTAPALI INSTITUTE OF TECHNOLOGY FOR WOMEN,1
SRI SAI COLLEGE OF MANAGEMENT,1
SRI SAI KRISHNA DEGREE COLLEGE,1
SRI SAIRAM COLLEGE OF ENGINEERING,1
SRI SAIRAM INSTITUTE OF TECHNOLOGY,1
SRI SIVASUBRAMANIYA NADAR COLLEGE OF ENGINEERING,1
SRI VASAVI ENGINEERING COLLEGE,2
SRI VASAVI GMR DEGREE COLLEGE,1
SRI VASAVI INSTITUTE OF ENGINEERING AND TECHNOLOGY,1
SRI VASAVI INSTITUTE OF ENGINEERING AND TECHNOLOGY NANDAMURU,1
SRI VENKATESHWARA COLLEGE OF ENGINEERING,1
SRI VENKATESHWARA COLLEGE OF ENGINEERING AND TECHNOLOGY,1
"SRI VENKATESHWARA COLLEGE OF ENGINEERING, BENGALURU",1
"SRI VENKATESHWARA COLLEGE,BENGALORE",1
SRI VENKATESHWARA UNIVERSITY,1
"SRI VENKATESHWARA UNIVERSITY COLLEGE OF ENGINEERING, TIRUPATI",1
SRI VENKATESWARA COLLEGE OF ENGINEERING,12
SRI VENKATESWARA COLLEGE OF ENGINEERING AND TECHNOLOGY,2
SRI VENKATESWARA COLLEGE OF ENGINEERING KADAPA,1
SRI VENKATESWARA COLLEGE OF ENGINEERING TIRUPATI,1
"SRI VENKATESWARA COLLEGE OF ENGINEERING, TIRUPATI",1
"SRI VENKATESWARA COLLEGE OF ENGINEERING,KADAPA",1
SRI VENKATESWARA UNIVERSITY,3
SRI VENKATESWARA UNIVERSITY COLLEGE OF ENGINEERING,3
"SRI VENKATESWARA UNIVERSITY COLLEGE OF ENGINEERING, TIRUPATI",1
SRI VENKATESWARA UNIVERSITY TIRUPATI,1
SRI VIDHYA DEGREE COLLEGE,1
SRI VISHNU ENGINEERING COLLEGE FOR WOMEN,1
SRI Y N COLLEGE,1
SRIDEVI WOMEN'S ENGINEERING COLLEGE,2
SRIIT,1
SRINIVAS INSTITUTE OF ENGINEERING AND TECHNOLOGY,2
SRINIVAS UNIVERSITY,1
SRINIVAS UNIVERSITY COLLEGE OF ENGINEERING,1
SRINIVASA CHEYYRU,1
SRINIVASA ENGINEERING AND TECHNOLOGY,1
SRINIVASA INSTITUTE ENGINEERING AND TECHNOLOGY,1
SRINIVASA INSTITUTE OF ENGENEERING AND TECHNOLOGY,1
SRINIVASA INSTITUTE OF ENGINEERING & TECHNOLO,1
SRINIVASA INSTITUTE OF ENGINEERING AND TECHNOLEDGE,1
SRINIVASA INSTITUTE OF ENGINEERING AND TECHNOLOGY,25
SRINIVASA INSTITUTE OF ENGINEERING AND TECHNOLOGY CHEYYERU-AMALAPURAM,1
SRINIVASA INSTITUTE OF ENGINEERING TECHNOLOGY TECHNOLOGY,1
SRINIVASA INSTITUTION OF ENGINEERING AND TECHNOLOGY,1
SRINIVASA LNSTITUTE OF ENGINEERING AND TECHNOLOGY,1
SRINIVASA RAMANUJAN INSTITUTE OF TECHNOLOGY,3
"SRINIVASA RAMANUJAN INSTITUTION OF TECHNOLOGY, BKS MANDAL,ANANTAPUR , ANDHRAPRADESH",1
SRIW - SUMATHI REDDY INST OF TECHNOLOGY FOR WOMEN,5
SRK INSTITUTE OF TECHNOLOGY,2
SRKIT,2
SRKR BHIMAVARAM,1
SRKR ENGINEERING COLLEGE,12
SRKREC,2
SRM,3
SRM AP,2
SRM AP UNIVERSITY,1
SRM EASWARI ENGINEERING COLLEGE,1
SRM INSTITUTE OF SCIENCE AND TECHNOLOGY,13
SRM INSTITUTE OF SCIENCE AND TECHNOLOGY KATTANKULATHUR,1
"SRM INSTITUTE OF SCIENCE AND TECHNOLOGY, CHENNAI",1
"SRM INSTITUTE OF SCIENCE AND TECHNOLOGY, CHENNAI, TAMIL NADU",1
SRM UNIVERSITY,11
"SRM UNIVERSITY , AP",1
"SRM UNIVERSITY , KTR, CHENNAI",1
SRM UNIVERSITY AP,21
SRM UNIVERSITY OF KATTANKULATHUR CAMPUS,1
SRM UNIVERSITY OF SCIENCE AND TECHNOLOGY,1
SRM UNIVERSITY RAMAPURAM,1
"SRM UNIVERSITY, AP",1
SRM UNIVERSITY-AP.,1
SRM institute of Science and Technology ,1
SRMAP,1
SRMAP UNIVERSITY,1
SRMIST,2
SRMIST ,1
SRMIST RMP,1
SRU UNVERISY,1
SRYS - SREYAS INST OF ENGG AND TECHNOLOGY,93
SS&C,1
SSR DEGREE COLLEGE,1
ST .MARY'S ENGINNERING COLLEGE,1
ST ANN'S COLLEGE OF ENGINEERING AND TECHNOLOGY,7
ST ANN'S COLLEGE OF ENGINEERING AND TECHNOLOGY IN CHIRALA,1
ST ANN'S ENGINEERING COLLEGE,1
ST ANNA'S COLLEGE OF ENGINEERING AND TECHNOLOGY,1
ST ANNS COLLEGE OF ENGINEERING AND TECHNOLOGY,1
ST JOSEPH DEGREE COLLEGE,1
ST JOSEPH'S DEGREE AND PG COLLEGE,1
ST JOSEPH'S DEGREE COLLEGE,1
ST MARTIN'S ENGINEERING COLLEGE,1
ST MARTINS ENGINEERING COLLEGE,1
ST MARY ENGINEERING COLLEGE,1
ST MARY'S COLLEGE,1
ST MARY'S ENGENEERING COLLEGE,2
ST MARY'S ENGINEERING COLLEGE,16
ST MARY'S ENGINEERING COLLEGE DESMUKI HYDERABAD,1
ST MARY'S GROUP OF INSTITUTIONS GUNTUR,1
ST MARY'S GROUP OF INSTITUTIONS HYDERABAD,1
ST MARY'S INTEGRATED CAMPUS,1
ST MARY’S ENGINEERING COLLAGE,1
ST PAUL'S DEGREE CLG,1
ST PETER'S ENGINEERING COLLEGE,4
ST PETER'S ENGINEERING COLLEGE HYDERABAD,1
ST. ANN'S COLLEGE OF ENGINEERING & TECHNOLOGY,2
ST. ANN'S COLLEGE OF ENGINEERING AND TECHNOLOGY,4
ST. JOHNS COLLEGE OF ENGINEERING AND TECHNOLOGY,2
ST. JOSEPHS DEGREE & PG COLLEGE,1
ST. MARTIN'S ENGINEERING COLLEGE,2
ST. MARY'S CENTENARY DEGREE COLLEGE ,1
ST. MARY'S CENTENERY DEGREE COLLEGE,1
ST. MARY'S GROUP OF INSTITUTION HYDERABAD,1
ST.ANN'S COLLEGE FOR WOMEN,1
ST.ANN'S COLLEGE OF ENGINEERING AND TECHNOLOGY,6
ST.ANN'S COLLEGE OF ENGINEERING AND TECHNOLOGY CHIRALA,6
ST.ANNS COLLEGE FOR WOMENS,1
ST.ANNS COLLEGE OF ENGINEERING AND TECHNOLOGY,4
ST.JOHNS COLLEGE OF ENGINEERING AND TECHNOLOGY,3
ST.MARRYS ENGINEERING COLLEGE,1
ST.MARTINS ENGINEERING COLLEGE,1
ST.MARY ENGINEERING COLLEGE,1
ST.MARY'S CENTENARY DEGREE COLLEGE,1
ST.MARY'S ENGEENERING COLLEGE,1
ST.MARY'S ENGINEERING COLLEGE,3
ST.MARY'S INTEGRATED CAMPUS HYDERABAD,1
ST.PETERS ENGINEERING COLLEGE,2
STIDEVI WOMEN’S ENGINEERING COLLEGE,1
STLW - STANLEY COLLEGE OF ENGG AND TECHNOLOGY FOR WOMEN (AUTONOMOUS),256
STUDENT,11
STUDENT AT RAJIV GANDHI UNIVERSITY OF KNOWLEDGE AND TECHNOLOGIES,1
STUDY WORLD COLLEGE OF ENGINEERING,1
SUBBALAKSHMI LAKSHMIPATHY COLLEGE OF SCIENCE,1
SUNY NEW PALTZ & WASHINGTON UNIVERSITY OF SCIENCE AND TECHNOLOGY,1
SUVEGA TECHNOLOGIES PVT LTD,1
SVCET,1
SVCN : SREE VENKATESWARA COLLEGE OF ENGINEERING,1
SVECW-SHRI VISHNU ENGINEERING COLLEGE FOR WOMEN,1
SVES - SRI VENKATESWARA ENGINEERING COLLEGE,10
SVHU - SATAVAHANA UNIVERSITY,1
SVIT - SWAMI VIVEKANANDA INST OF TECHNOLOGY,24
SVKM'S DWARKADAS J. SANGHVI COLLEGE OF ENGINEERING,1
SVR COLLEGE OF MANAGEMENT STUDIES,1
SVR ENGINEERING COLLEGE,4
SVS GROUP OF INSTITUTIONS,2
SVSE - SVS GRP OF INSTNS - SVS INST OF TECH,14
"SVU, TIRUPATI",1
SWAMI VIVEKANAND INSTITUTE OF TECHNOLOGY,1
SWAMI VIVEKANANDA INSTITUTE OF TECHNOLOGY,1
SWAMINARAYAN GURUKUL INTERNATIONAL SCHOOL,1
SWARANDHARA COLLEGE OF ENGINEERING AND TECHNOLOGY,1
SWARANDHRA COLLEGE OF ENGINEERING AND TECHNOLOGY,3
SWARNA BHARATHI INSTITUTE OF SCIENCE AND TECHNOLOGY,2
SWARNA BHARATHI INSTITUTE SCIENCE AND TECHNOLOGY,1
SWARNA BHARITHI INSTITUTE OF SCIENCE AND TECHNOLOGY,1
SWARNANDHRA COLLEGE OF ENGINEERING AND TECHNOLOGY,5
SWARNANDHRA COLLEGE OF ENGINEERING TECHNOLOGY,1
SWECHA,2
Sanskriti school of engineering ,1
Sathyabama Institute of Science and Technology,1
Serole technologies ,1
Shri Vishnu Engineering College For Womens Women,1
Simform ,1
Singareni collieries polytechnic ,1
Spectrum institute of management and computer science,1
Sree venkateswara college of engineering ,2
Sri Sairam Engineering College ,1
Srinivasa Ramanujan Institute of Technology,3
Srm University,1
St Mary Degree College,1
St Mary's Centenary Degree College ,2
St Mary's Engineering college ,1
St Mary's centenary Degree college ,1
St Mary's centenary degree College ,1
St Paul's degree & pg College ,1
St Paul's degree and pg college ,1
St Paul's degree college ,1
St.,1
St. Joseph’s degree college,1
St. Mary's Centenary Degree College,1
St.Mary's college ,1
Swarnaandhra College of Engineering and Technology ,1
T JOHN INSTITUTE OF TECHNOLOGY,1
T-MOBILE,1
TALLA PADMAVATHI COLLEGE OF ENGINEERING,1
TARA GOVERNMENT DEGREE COLLEGE,1
TCEK - TRINITY COLLEGE OF ENGINEERING AND TECHNOLOGY,16
TCS,2
TCTK - TRINITY COLLEGE OF ENGINEERING AND TECHNOLOGY,21
TECH MAHINDRA,2
TECH OPTIMA PRIVATE LIMITED,1
TECHMAHINDRA,1
TECHNO MAIN SALTLAKE,1
TEEGALA KRISHNA REDDY ENGINEERING COLLEGE,1
TEGALLA KRISHNA REDDY COLLEGE,1
TEKEDGE SOLUTIONS,1
TELANGANA MAHILA UNIVERSITY,1
TENALI ENGINEERING COLLEGE,1
TERI SCHOOL OF ADVANCED STUDIES,1
TEXAS A&M,1
TEXAS A&M CORPUS CHRISTI,1
TEXAS A&M UNIVERSITY,1
TGRS JC BOYS TOOPRAN,1
THARKA DIGITAL PVT LTD,1
THE APOLLO UNIVERSITY,10
THE ICFAI FOUNDATION FOR HIGHER EDUCATION,2
THE ICFAI UNIVERSITY RAIPUR,1
THE IHFE,1
THE OXFORD COLLEGE OF ENGINEERING,3
THEEGALA KRISHNA REDDY ENGINEERING COLLEGE,1
TIRUMALA ENGINEERING COLLEGE,7
TKEM - TEEGALA KRISHNA REDDY ENGINEERING COLLEGE (AUTONOMOUS),77
TKM College of Engineering ,1
TKR COLLEGE OF ENGINEERING AND TECHNOLOGY,1
TKRC - T K R COLLEGE OF ENGG AND TECHNOLOGY (AUTONOMOUS),7
TOCE,1
TORRENS UNIVERSITY,1
TPCE - TALLA PADMAVATHI COLL OF ENGINEERING,47
TRINITY COLLEGE OF ENGINEERING AND TECHNOLOGY PEDDAPALLI,1
TRR COLLEGE OF TECHNOLOGY,1
TRR COLLEGE OF TECHNOLOGY POLYTECHNIC,1
TSWRDC MAHENDRAHILLS AFFILIATED WITH OSMANIA UNIVERSITY,1
TSWRDC W KARIMNAGAR,1
TYNYBAY PRIVATE LIMITED,1
Tala Padmavathi college of engineering (Autonomous ),1
Techno International Newtown ,1
Terralogic software solutions Pvt Ltd ,1
Tesco,1
Thalla Padmavathi ,1
UCD,1
UCET MAHATMA GANDHI UNIVERSITY,1
UCLA,1
UGC autonomous affiliated with JNTUH,1
UNC CHARLOTTE,1
UNEMPLOYED,2
UNH,1
UNITY DEGREE COLLEGE,1
UNIVERSAL COLLEGE OF ENGINEERING AND TECHNOLOGY,2
UNIVERSITY,5
UNIVERSITY AT BUFFALO,2
UNIVERSITY COLLEGE OF ENGINEERING AND TECHNOLOGY,3
UNIVERSITY COLLEGE OF ENGINEERING AND TECHNOLOGY FOR WOMEN,1
UNIVERSITY COLLEGE OF ENGINEERING AND TECHNOLOGY FOR WOMEN(KAKATIYA UNIVERSITY),1
UNIVERSITY COLLEGE OF ENGINEERING AND TECHNOLOGY MAHATAMA GANDHI UNIVERSITY,1
UNIVERSITY COLLEGE OF ENGINEERING AND TECHNOLOGY MAHATAMA GANDHI UNIVERSITY NALGONDA,1
UNIVERSITY COLLEGE OF ENGINEERING AND TECHNOLOGY MAHATMA GANDHI UNIVERSITY,5
UNIVERSITY COLLEGE OF ENGINEERING AND TECHNOLOGY MAHATMA GANDHI UNIVERSITY NALGONDA,2
"UNIVERSITY COLLEGE OF ENGINEERING AND TECHNOLOGY MAHATMA GANDHI UNIVERSITY, NALGONDA",1
UNIVERSITY COLLEGE OF ENGINEERING OSMANIA,1
"UNIVERSITY COLLEGE OF MANAGEMENT HYDERABAD, JNTUH",1
UNIVERSITY COLLEGE OF SCIENCE,2
UNIVERSITY COLLEGE OF SCIENCE (SAIFABAD),3
UNIVERSITY COLLEGE OF SCIENCE SAIFABAD,1
UNIVERSITY COLLEGE OF SCIENCE SAIFABAD (OU),1
"UNIVERSITY COLLEGE OF SCIENCE, SAIFABAD",1
"UNIVERSITY COLLEGE OF SCIENCES, SAIFABAD (OU)",2
UNIVERSITY OF ALABAMA AT BIRMINGHAM,1
"UNIVERSITY OF BEDFORDSHIRE, UNITED KINGDOM",1
UNIVERSITY OF BRIDEPORT,1
UNIVERSITY OF BRIDGEPORT,4
UNIVERSITY OF BRISTOL,1
UNIVERSITY OF CENTRAL MISSOURI,4
UNIVERSITY OF CINCINNATI,1
UNIVERSITY OF CONNECTICUT,1
UNIVERSITY OF DELAWARE,1
UNIVERSITY OF EAST LONDON,3
UNIVERSITY OF ENGINEERING AND MANAGEMENT KOLKATA,1
UNIVERSITY OF FINDLAY,1
UNIVERSITY OF FLORIDA,1
UNIVERSITY OF GENEVA,1
UNIVERSITY OF HERTFORDSHIRE,1
UNIVERSITY OF HOUSTON,1
UNIVERSITY OF HYDERABAD,1
UNIVERSITY OF ILLINOIS CHICAGO,1
UNIVERSITY OF ILLINOIS SPRINGFIELD,1
UNIVERSITY OF ILLINOIS URBANA CHAMPAIGN,1
UNIVERSITY OF LEICESTER,1
UNIVERSITY OF MARYLAND,1
"UNIVERSITY OF MARYLAND, BALTIMORE COUNTY",1
UNIVERSITY OF MICHIGAN-DEARBORN,1
UNIVERSITY OF MISSOURI,1
UNIVERSITY OF MISSOURI KANSAS CITY,1
UNIVERSITY OF NEW HAVEN,4
UNIVERSITY OF NEWHAVEN,1
UNIVERSITY OF NORTH CAROLINA AT CHAPEL HILL,1
UNIVERSITY OF NORTH CAROLINA AT GREENSBORO,1
UNIVERSITY OF NORTH TEXAS,9
"UNIVERSITY OF NORTH TEXAS,DENTON",1
UNIVERSITY OF OTTAWA,1
UNIVERSITY OF PETROLEUM AND ENERGY STUDIES,1
UNIVERSITY OF TEXAS AT DALLAS,2
UNIVERSITY OF VISVESVARAYA COLLEGE OF ENGINEERING,1
USHA RAMA COLLEGE OF ENGINEERING AND TECHNOLOGY,6
USMANIA UNIVERSITY,1
Ushodaya degree college ,1
V R SIDDHARDHA ENGINEERING COLLEGE,1
V.S.B ENGINEERING COLLEGE,1
V.S.B Engineering College,1
"V.S.B. ENGINEERING COLLEGE,KARUR",1
VAADGAVI ENGENEERING COLLEGE,1
VAAGDEVI COLLEGE OF ENGINEERING,1
VAAGDEVI DEGREE AND PG COLLEGE HANUMAKONDA,1
VAAGDEVI ENGENEERING COLLEGE,1
VAAGDEVI ENGINEERING COLLEGE,5
VAAGDEVIENGEERINGCOLLEGE,1
VAGDEVI DEGREE COLLEGE,1
VAGE - VAAGDEVI COLLEGE OF ENGINEERING,36
VALLURUPALLI NAGESWARA RAO VIGNANA JYOTHI INSTITUTE OF ENGINEERING &TECHNOLOGY,1
VARAPRASAD REDDY INSISTUTE OF TECNOLOGY,1
VARDHAMAN COLLEGE OF ENGINEERING,6
VARDHMAAN COLLEGE OF ENGINEERING,1
VARDHMAN COLLEGE OF ENGINEERING,3
VASIREDDY VENKATADHRI INSTITUTE OF TECHNOLOGY,1
VASIREDDY VENKATADRI INSTITUTE OF TECHNOLOGY,31
VASIREDDY VENKATADRI INSTITUTE OF TECHNOLOGY (VVIT),1
VASIREDDY VENKATADRI INSTITUTE OF TECHNOLOGY ECHNOLOGY,1
VASIREDDY VENKATADRI INTERNATIONAL TECHNOLOGICAL UNIVERSITY,5
VASIREDDY VENKATADRI ITERNATIONAL TECHNOLOGICAL UNIVERSITY,1
VASIREDDY VENKATDRI INSTITUTE TECHNOLOGY,1
VASIREDDY VENKTADRI INSTITUTE OF TECHNOLOGY,1
VASSIREDDY VENKATADRI INSTITUTE OF TECHNOLOGY,1
VASV - VASAVI COLLEGE OF ENGINEERING,136
VBEC - VIGNANA BHARATHI ENGINEERING COLLEGE,12
VBEC - VIGNANA BHARATHI INSTITUTE OF TECHNOLOGY,1
VBIT,1
VBIT - VIGNAN BHARATI INSTITUTE OF TECHNOLOGY (AUTONOMOUS),150
VBIT - VIGNANA BHARATHI ENGINEERING COLLEGE,1
VEL TECH RANGARAJAN DR. SAGUNTHALA R&D INSTITUTE OF SCIENCE AND TECHNOLOGY,3
VEL TECH RANGARAJAN DR.SAGUNTHALA R&D INSTITUTE OF SCIENCE AND TECHNOLOGY,3
VEL TECH TECHNICAL UNIVERSITY,1
VEL TECH UNIVERSITY,7
"VEL TECH UNIVERSITY, CHENNAI",1
VELAGAPUDI RAMAKRISHNA SIDDARDHA ENGINEERING COLLEGE,1
VELAGAPUDI RAMAKRISHNA SIDDARTHA COLLEGE OF ENGINEERING,1
VELAGAPUDI RAMAKRISHNA SIDDARTHA ENGINEERING COLLEGE,2
VELAGAPUDI RAMAKRISHNA SIDDHARTH ENGINEERING COLLEGE,1
VELAGAPUDI RAMAKRISHNA SIDDHARTHA ENGINEERING,1
VELAGAPUDI RAMAKRISHNA SIDDHARTHA ENGINEERING COLLAGE,1
VELAGAPUDI RAMAKRISHNA SIDDHARTHA ENGINEERING COLLEGE,29
"VELAGAPUDI RAMAKRISHNA SIDDHARTHA ENGINEERING COLLEGE (VRSEC), VIJAYAWADA",1
VELAGAPUDI RAMAKRISHNA SIDHHARTHA ENGINEERING COLLEGE,1
VELAGAPUDI RAMKRISHNA SIDDHARTHA ENGINEERING COLLEGE AND MY QS,1
VELLORE INSITUTE OF TECHNOLOGY,1
VELLORE INSTITUE OF TECHNOLOGY,1
VELLORE INSTITUTE OF TECHNOLOGY,20
VELLORE INSTITUTE OF TECHNOLOGY - AMRAVATI,1
VELLORE INSTITUTE OF TECHNOLOGY - AP,2
VELLORE INSTITUTE OF TECHNOLOGY -AP,1
VELLORE INSTITUTE OF TECHNOLOGY AMARAVATHI ANDRA PRADESH,1
VELLORE INSTITUTE OF TECHNOLOGY AMARAVATI,1
VELLORE INSTITUTE OF TECHNOLOGY ANDHRA PRADESH,1
VELLORE INSTITUTE OF TECHNOLOGY CHENNAI,2
VELLORE INSTITUTE OF TECHNOLOGY VELLORE,1
"VELLORE INSTITUTE OF TECHNOLOGY, AMARAVATI",1
"VELLORE INSTITUTE OF TECHNOLOGY, AP",2
"VELLORE INSTITUTE OF TECHNOLOGY, AP CAMPUS",1
"VELLORE INSTITUTE OF TECHNOLOGY, CHENNAI",2
"VELLORE INSTITUTE OF TECHNOLOGY, VELLORE",5
"VELLORE INSTITUTE OF TECHNOLOGY,AP",1
"VELLORE INSTITUTE OF TECHNOLOGY,CHENNAI",2
"VELLORE INSTITUTE OF TECHNOLOGY,VELLORE",3
VELLORE INSTITUTE OF TECHNOLOGY- AP,1
VELLORE INSTITUTE OF TECHNOLOGY-AP,1
VELLORE INSTITUTION OF TECHNOLOGY,2
VELLORE INSTITUTION ON TECHNOLOGY AMRAVATI,1
VELTECH UNIVERSITY,3
VEMANA INSTITUTE OF TECHNOLOGY,1
VEMUIT,1
VFX INDUSTRY,1
VGNT - VIGNAN INSTITUTE OF TECHNOLOGY AND SCI,103
VGSE - VAAGESHWARI COLL OF ENGINEERING,30
VGWL - VAGDEVI ENGINEERING COLLEGE,177
VIAP,1
VIDHYA JYOTHI INSTITUTE OF TECHNOLOGY,6
VIDHYA JYOTHI INSTITUTE OF TECHNOLOGY (COLLEGE),1
VIDHYA JYOTI INSTITUTE OF TECHNOLOGY,1
VIDYA JYOTHI INSTITUTE OF TECHNOLOGY,4
VIDYA JYOTI INSTITUTE OF TECHNOLOGY,1
VIEW- VIGNAN'S ISNTITUTE OF ENGINEERING FOR WOMEN,1
VIGANA BHARATHI INSTITUTE OF TECHNOLOGY,3
VIGANA BHARATHI INSTITUTION OF TECHNOLOGY,1
VIGANA BHARTI INSTITUTE OF TECHNOLOGY,1
VIGANA DEGREE COLLEGE,1
VIGANAN BHARATHI INSTITUTE OF TECHNOLOGY,1
VIGNA'S INSTITUTE OF INFORMATION AND TECHNOLOGY,1
VIGNAN,1
VIGNAN BHARATHI INSTITUTE OF TECHNOLOGY,1
VIGNAN BHARTHI INSTITUTE OF TECHNOLOGY,1
VIGNAN BHARTHRI ENGINEERING COLLEGE,1
VIGNAN BHARTI INSTITUTE OF TECHNOLOGY,1
VIGNAN COLLAGE,1
VIGNAN COLLEGE OF TECHNOLOGY AND SCIENCE,1
VIGNAN DEGREE AND PG COLLEGE,1
VIGNAN FOUNDATION FOR SCIENCE TECHNOLOGY AND RESEARCH,1
VIGNAN INSTITUE OF TECHNOLOGY AND SCIENCE,2
VIGNAN INSTITUTE OF ENGINEERING AND TECHNOLOGY COLLEGE DHESHMUK,1
VIGNAN INSTITUTE OF ENGINEERING FOR WOMEN,1
VIGNAN INSTITUTE OF INFORMATION AND TECHNOLOGY,2
VIGNAN INSTITUTE OF INFORMATION ANDTECHNOLOGY,1
VIGNAN INSTITUTE OF INFORMATION TECHNOLOGY,6
VIGNAN INSTITUTE OF MANAGEMENT AND TECHNOLOGY FOR WOMEN,1
VIGNAN INSTITUTE OF MANAGEMENT AND TECHNOLOGY FOR WOMEN KONDAPUR,1
VIGNAN INSTITUTE OF TECHNOLOGY,1
VIGNAN INSTITUTE OF TECHNOLOGY AND SCIENCE,2
VIGNAN INSTITUTES OF TECHNOLOGY AND SCIENCE,1
VIGNAN INSTIUTE OF INFORMATION TECHNOLOGY,1
VIGNAN JYOTHI INSTITUTE OF ENGINEERING AND TECHNOLOGY,1
VIGNAN LARA,1
VIGNAN LARA INSTITUTE OF TECHNOLOGY & SCIENCES,1
VIGNAN LARA INSTITUTE TECHNOLOGY AND SCIENCE,1
VIGNAN UNIVERSITY,2
"VIGNAN UNIVERSITY ,GUNTUR",1
"VIGNAN'S FOUNDATION FOR SCIENCE, TECHNOLOGY & RESEARCH IS A DEEMED UNIVERSITY IN THE GUNTUR DISTRICT IN ANDHRA PRADESH, INDIA.",1
"VIGNAN'S FOUNDATION FOR SCIENCE, TECHNOLOGY AND RESEARCH (DEEMED TO BE UNIVERSITY)",1
VIGNAN'S INSTITUE OF INFORMATION TECHNOLOGY,1
VIGNAN'S INSTITUTE OF ENGINEERING FOR WOMEN,1
VIGNAN'S INSTITUTE OF INFORMATION,1
VIGNAN'S INSTITUTE OF INFORMATION AND TECHNOLOGY,1
VIGNAN'S INSTITUTE OF INFORMATION TECHNOLOGY,55
"VIGNAN'S INSTITUTE OF INFORMATION TECHNOLOGY,VISAKHAPATNAM",1
VIGNAN'S INSTITUTE OF INFORMATION& TECHNOLOGY,1
VIGNAN'S INSTITUTE OF MANAGEMENT AND TECHNOLOGY FOR WOMEN,1
VIGNAN'S LARA INSTITUTE OF TECHNOLOGY & SCIENCE,2
VIGNAN'S LARA INSTITUTE OF TECHNOLOGY AND SCIENCE,1
VIGNAN'S NIRULA INSTITUTE OF TECHNOLOGY AND SCIENCE FOR WOMEN,1
VIGNANA BARATHI INSTITUTE OF TECHNOLOGY,1
VIGNANA BHARATHI INSTITUTE OF TECHNOLOGY,102
VIGNANA BHARATHI INSTITUTE OF TECHNOLOGY AUSHAPUR,1
VIGNANA BHARATHI INSTITUTE OF TECNOLOGY ,1
VIGNANA BHARATHI INSTITUTION OF TECHNOLOGY,4
VIGNANA BHARATHI INSTUTE OF TECHNOLOGY,1
VIGNANA BHARATI INSTITUTE OF TECHNOLOGY,4
VIGNANA BHARTHI INSTITUTE OF TECHNOLOGY,3
VIGNANA INSTITUTE OF INFORMATION TECHNOLOGY,1
VIGNANA JYOTHI INSTUTITE OF ARTS AND SCIENCE,1
VIGNANABHARATHI INSTITUTE OF TECHNOLOGY,1
VIGNANABHARATHI INSTITUTION OF TECHNOLOGY,1
VIGNANS INSTITUTE OF INFORMATION TECHNOLOGY,12
VIGNANS INSTITUTE OF INFORMATION TECHNOLOGY (A),1
"VIGNAN’S FOUNDATION FOR SCIENCE, TECHNOLOGY & RESEARCH (VFSTR), GUNTUR",1
VIGNAN’S INSTITUTE OF INFORMATION TECHNOLOGY,1
VIGNAN’S INSTITUTE OF MANAGEMENT AND TECHNOLOGY FOR WOMEN,1
VIGNESH INSTITUTE OF INFORMATION TECHNOLOGY,1
VIGYAN BHARATHI INSTITUTE OF TECHNOLOGY,1
VIIT - VIGNAN'S INSTITUTE OF INFORMATION TECHNOLOGY,2
VIIT VIGNAN'S INSTITUTE OF INFORMATION TECHNOLOGY,1
VIIT-VIGNAN'S INSTITUTE OF INFORMATION TECHNOLOGY,1
VIJAY RURAL ENGINEERING COLLEGE,7
"VIJAYA ENGINEERING COLLEGE, KHAMMAM",1
VIKAS COLLEGE OF ENGINEERING AND TECHNOLOGY,4
VIKAS GROUP OF INSTITUTIONS,1
VIKRAMA SIMHAPURI UNIVERSITY,1
VIRGINIA COMMONWEALTH UNIVERSITY,1
VIRGINIA UNIVERSITY SCIENCE AND TECHNOLOGY,1
VISHNU INSTITUTE OF TECHNOLGY,1
VISHNU INSTITUTE OF TECHNOLOGY,13
"VISHNU INSTITUTE OF TECHNOLOGY, BHIMAVARAM",2
VISHWA VISHWA INSTITUTE,1
VISHWA VISHWANI INSTITUTE OF SYSTEM AND MANAGEMENT,1
VISHWA VISHWANI INSTITUTE OF SYSTEMS AND MANAGEMENT,3
VISVESWARAYA TECHNOLOGICAL UNIVERSITY BELAGAVI,1
VISVODAYA ENGINEERING COLLEGE,1
VISWAM AI,1
VIT,3
VIT - VELLORE INSTITUTE OF TECHNOLOGY,1
VIT AP,6
VIT AP UNIVERSITY,2
VIT BHOPAL,1
VIT BHOPAL UNIVERSITY,3
VIT CHENNAI,3
VIT UNIVERSITY AP,1
VIT VELLORE,2
VIT-AP,8
VIT-AP UNIVERSITY,5
VIT-APUNIVERSITY,1
VITAP,1
VITAP UNIVERSITY,2
VITS KARIMNAGAR,1
VIVIDMINDS,1
VJEC - V N R VIGNAN JYOTHI INSTITUTE OF ENGG AND TECH,643
VJIT - VIDYAJYOTHI INSTITUTE OF TECHNOLOGY,345
VJIY,1
VJYA - VIJAYA ENGINEERING COLLEGE,30
VMEG - VARDHAMAN COLLEGE OF ENGINEERING,612
VMTW - VIGNANS INST OF MANAGEMENT AND TECH FOR WOMEN,13
VNR VIGNAN JYOTHI INSTITUTE OF ENGINEERING AND TECHNOLOGY,4
VNR VJET- VALLURIPALLI NAGESHWAR RAO VIGNAN JYOTHI INSTITUTE OF ENGG AND TECH,1
VNR VJIET,5
VRSEC-VELAGAPUDI RAMAKRISHNA SIDDHARTHA ENGINEERING COLLEGE,3
VSM COLLEGE,1
VTU BELGAUM,1
VVIT,3
VVITU -VASIREDDY VENKATADRI INTERNATIONAL TECHNOLOGICAL UNIVERSITY,1
VVKN - VIVEKANANDA INSTT OF TECH AND SCI BOMMAKAL,1
Vasireddy Venkatadri Institute of Technology,1
Vellore Institute of Technology,2
"Vellore Institute of technology, Amaravati ",2
"Vellore institute of technology, chennai ",1
Vemu Institute of Technology ,1
VignanaBharathi Institute Of Technology ,3
WARANGAL INSTITUTE OF TECHNOLOGY AND SCIENCE,1
WEBSTER UNIVERSITY,1
WELLSFARGO,1
WESL - CSI WESLEY INST OF TECHNOLOGY AND SCIENCES,6
WESLEY DEGREE COLLEGE,2
WESLEY PG COLLEGE,1
WICHITA STATE UNIVERSITY,1
WILMINGTON UNIVERSITY,1
WIPRO,1
WIPRO PRIVATE LIMITED,1
WITS - WARANGAL INST OF TECHNOLOGY SCIENCE,11
WOXSEN UNIVERSITY,28
WUST,1
Wesley degree college for women ,5
YAMINI POTHANA,1
YSR ENGINEERING COLLEGE OF YOGI VEMMAN UNIVERSITY,1
YSR ENGINEERING COLLEGE OF YVU,3
"ZAKIR HUSSAIN COLLEGE OF ENGINEERING AND TECHNOLOGY, ALIGARH MUSLIM UNIVERSITY",1
git,1
maharaj vijayaram gajapathiraj college of engineering,1
mvgr college of engineering,1
na,1
no affiliation,1
pragati engineering college afflicted to Jawaharlal Nehru technological University Kakinada ,1
raghu institute of techology,1
st Mary's centenary degree college ,1
v,1
,27
